"request_id","endpoint","http_method","concurrent_requests","payload_size_kb","cpu_usage_pct","mem_usage_pct","db_query_count","network_latency_ms","cache_hit","response_time_ms"
"ecom_1","/cart/add","POST",134,23.78,60.2,56.6,3,21.2,0,146.32
"ecom_2","/catalog/search","GET",107,7.6,76.1,54.6,6,30.6,0,426.87
"ecom_3","/checkout/pay","POST",134,21.15,38.2,67.6,9,43.8,0,453.87
"ecom_4","/checkout/pay","POST",116,11.14,50.3,63.3,10,20.3,0,455.2
"ecom_5","/catalog/search","GET",124,10.85,69.2,42.3,5,22,1,61.26
"ecom_6","/catalog/search","GET",50,4.61,62.5,67.1,7,38.8,1,59.25
"ecom_7","/cart/add","POST",157,5.48,55.7,76.6,2,29.4,0,120.32
"ecom_8","/catalog/search","GET",199,23.47,53.5,70.8,3,33.1,1,50.39
"ecom_9","/cart/add","POST",160,7,69.4,59,1,28.4,0,113.65
"ecom_10","/cart/add","POST",215,13.84,70.7,72.8,4,28.2,0,165.06
"ecom_11","/inventory/check","GET",150,4.05,64.5,58.5,1,34.3,0,80.93
"ecom_12","/checkout/pay","POST",163,51.63,77.1,70.6,6,31.6,0,980.4
"ecom_13","/checkout/pay","POST",157,6.73,69.3,70.5,8,44.5,0,439.71
"ecom_14","/inventory/check","GET",121,11.65,77.1,56.2,3,33.6,0,261.79
"ecom_15","/cart/add","POST",99,8.04,51.8,73.5,4,27.6,0,148.9
"ecom_16","/cart/add","POST",193,7.16,49.5,58.6,2,31.6,0,137.1
"ecom_17","/checkout/pay","POST",118,17.17,47.9,47.7,10,28.8,0,460.84
"ecom_18","/catalog/search","GET",116,3.6,61.1,69.4,6,21.4,0,193.28
"ecom_19","/cart/add","POST",207,4.38,47,62.7,2,19.8,0,131.58
"ecom_20","/catalog/search","GET",111,71.63,70.8,63.5,6,30.7,0,231.94
"ecom_21","/checkout/pay","POST",161,3.29,59.7,66.3,11,11.8,0,478.42
"ecom_22","/inventory/check","GET",163,21.86,99,61.4,1,40.4,0,2030.47
"ecom_23","/catalog/search","GET",211,18.29,68.1,74.1,7,35,0,235.35
"ecom_24","/checkout/pay","POST",118,10.97,59.5,71.2,10,30.9,0,461.09
"ecom_25","/inventory/check","GET",152,5.97,87.1,66.7,2,32.1,0,572.08
"ecom_26","/checkout/pay","POST",130,8.02,57.5,75.4,12,23.6,0,490.77
"ecom_27","/catalog/search","GET",96,18.52,42.9,58.4,6,22.9,1,57.38
"ecom_28","/cart/add","POST",113,7.19,39.9,79.1,4,36.5,0,151.92
"ecom_29","/cart/add","POST",115,8.36,69,57.6,2,33.2,0,121.86
"ecom_30","/checkout/pay","POST",117,23.03,61.4,42.4,10,41.4,0,464.72
"ecom_31","/cart/add","POST",141,38.72,45.1,70.1,2,34.8,0,134.54
"ecom_32","/catalog/search","GET",144,5.36,66.7,45.4,7,21.7,1,77.84
"ecom_33","/catalog/search","GET",147,16.19,71.2,70.5,6,49.4,0,208.99
"ecom_34","/catalog/search","GET",125,10.51,55.6,76.4,5,32.8,1,55.39
"ecom_35","/cart/add","POST",168,31.47,85.4,34.9,4,15.4,0,775.25
"ecom_36","/inventory/check","GET",195,21.14,50.7,74.4,1,25.2,0,110.38
"ecom_37","/catalog/search","GET",98,4.84,57.4,53.2,4,23.3,0,159.39
"ecom_38","/checkout/pay","POST",155,2.4,76.8,67.3,12,23.9,0,1107.24
"ecom_39","/catalog/search","GET",143,4.61,56.6,81.4,7,38.6,1,69.31
"ecom_40","/inventory/check","GET",149,2.14,63.1,54.9,1,35.6,0,88.41
"ecom_41","/cart/add","POST",141,15.42,79.7,82.1,2,15.9,0,353.07
"ecom_42","/cart/add","POST",192,7.99,48.4,57.9,4,44.1,0,160.91
"ecom_43","/checkout/pay","POST",79,2.28,64.7,61.9,12,36,0,473.67
"ecom_44","/catalog/search","GET",141,13.12,77.3,57.8,6,37.7,0,486.16
"ecom_45","/cart/add","POST",173,9.03,66.3,61.2,3,46.7,0,151.68
"ecom_46","/catalog/search","GET",135,10.82,80,72.1,3,43.8,1,135.96
"ecom_47","/catalog/search","GET",141,2.23,50.1,57.2,6,34,1,57.79
"ecom_48","/inventory/check","GET",113,14.9,54.7,65,1,20.9,0,85.21
"ecom_49","/checkout/pay","POST",126,6.27,54.5,55.9,6,33.2,0,391.99
"ecom_50","/catalog/search","GET",153,2.43,68.7,70,7,25.5,1,66.48
"ecom_51","/catalog/search","GET",124,8.71,74.9,60.5,4,27.2,0,172.47
"ecom_52","/cart/add","POST",108,13.01,60.9,60.1,2,31.2,0,118.45
"ecom_53","/checkout/pay","POST",89,25.83,51.9,69,11,20,0,466.99
"ecom_54","/checkout/pay","POST",166,7.64,60.8,69.1,8,29.3,0,438.41
"ecom_55","/cart/add","POST",164,10.56,63.5,49.7,3,35.4,0,145.52
"ecom_56","/checkout/pay","POST",81,19.97,50.5,48,6,27.9,0,387.27
"ecom_57","/checkout/pay","POST",142,13.72,57.3,48.3,9,24.3,0,449.18
"ecom_58","/cart/add","POST",94,12.64,71.9,62.9,2,33.9,0,119.43
"ecom_59","/checkout/pay","POST",157,13.19,57.8,35.4,10,29.4,0,471.32
"ecom_60","/cart/add","POST",168,2.2,51.4,59.8,1,40,0,104.53
"ecom_61","/checkout/pay","POST",116,12.14,69.9,61.3,11,26.9,0,471.87
"ecom_62","/checkout/pay","POST",187,4.11,81.9,63.5,9,26.3,0,1526.48
"ecom_63","/cart/add","POST",151,3.81,76.6,85.2,1,20.3,0,246.16
"ecom_64","/inventory/check","GET",164,2.14,52.4,55.2,1,37.3,0,93.37
"ecom_65","/checkout/pay","POST",201,9.52,73.5,45.9,9,35.3,0,460.07
"ecom_66","/checkout/pay","POST",133,3.35,56.8,58.1,9,24.7,0,446.85
"ecom_67","/catalog/search","GET",138,3.66,87.4,72.6,3,22,1,278.72
"ecom_68","/catalog/search","GET",177,27.27,42.9,71.6,5,35.5,0,206.52
"ecom_69","/inventory/check","GET",184,24.43,65,86.8,3,32.5,0,129.85
"ecom_70","/inventory/check","GET",161,10.18,32,87.6,2,25,0,113.43
"ecom_71","/catalog/search","GET",152,7.84,46.7,63,5,8,1,55.76
"ecom_72","/inventory/check","GET",143,35.18,73,73.5,3,34.6,0,124.06
"ecom_73","/cart/add","POST",214,2.25,76.6,60.2,2,32.7,0,293.97
"ecom_74","/checkout/pay","POST",206,13.77,66.2,72.2,10,32.4,0,479.01
"ecom_75","/checkout/pay","POST",108,16.72,67.8,52.8,6,34.4,0,398.24
"ecom_76","/catalog/search","GET",155,16.74,66.7,56.3,6,20.4,0,213.49
"ecom_77","/catalog/search","GET",154,32.21,99,64.4,6,15.4,1,1380.74
"ecom_78","/catalog/search","GET",147,17.84,73.1,51.1,7,27.1,1,59.97
"ecom_79","/checkout/pay","POST",137,4.01,62,56.9,12,19,0,491.02
"ecom_80","/inventory/check","GET",169,45.43,63.3,60.4,3,35.7,0,135.41
"ecom_81","/checkout/pay","POST",170,17.12,66.9,54.7,6,23.4,0,417.7
"ecom_82","/checkout/pay","POST",112,19.02,89.1,68.4,10,42.6,0,3130.97
"ecom_83","/checkout/pay","POST",181,3.09,87.6,74.9,9,38.1,0,2629.25
"ecom_84","/inventory/check","GET",162,8.88,57,59.4,4,20.9,0,132.47
"ecom_85","/catalog/search","GET",162,7.06,72.2,60,7,25.1,0,223.89
"ecom_86","/inventory/check","GET",140,27.78,55.3,61.3,2,30.9,0,115.76
"ecom_87","/catalog/search","GET",155,16.99,65.8,83.6,3,15.9,0,162.63
"ecom_88","/cart/add","POST",89,18.44,53.9,86.6,1,41.4,0,93.75
"ecom_89","/catalog/search","GET",171,7.16,37.5,72.9,5,31.6,1,63.16
"ecom_90","/catalog/search","GET",185,4.68,89.5,47.8,3,45.9,1,358.65
"ecom_91","/checkout/pay","POST",147,9.72,73.7,61.4,7,37.7,0,420.45
"ecom_92","/inventory/check","GET",157,25.77,45.4,54.1,4,20.6,0,135.79
"ecom_93","/checkout/pay","POST",166,16.83,75.2,79.7,10,47,0,953.74
"ecom_94","/catalog/search","GET",129,25.69,39.6,63.7,5,19.6,1,57.19
"ecom_95","/catalog/search","GET",115,8.53,68.1,57.2,4,40.5,1,59.57
"ecom_96","/checkout/pay","POST",103,5.45,54.3,67.4,7,31.1,0,411.2
"ecom_97","/cart/add","POST",126,14.3,53.9,89.1,4,24.1,0,144.94
"ecom_98","/catalog/search","GET",157,11.88,56.5,60.4,4,18.3,1,58.79
"ecom_99","/catalog/search","GET",156,27.88,59.6,57.1,5,22,1,56.2
"ecom_100","/catalog/search","GET",180,16.55,59.9,56.6,6,26.3,1,64.33
"ecom_101","/catalog/search","GET",151,2.63,43.1,75.3,7,32.7,1,64.91
"ecom_102","/catalog/search","GET",156,3.74,61,60.7,7,23.5,0,223.73
"ecom_103","/cart/add","POST",140,7.64,35.5,70,1,20.5,0,108.5
"ecom_104","/inventory/check","GET",120,4.02,41.6,73,4,34.1,0,121.84
"ecom_105","/checkout/pay","POST",160,5.64,64.8,57.8,7,29.5,0,420.45
"ecom_106","/catalog/search","GET",167,2.8,47.2,58.7,7,26.2,1,65.68
"ecom_107","/catalog/search","GET",213,13.96,93.3,72.3,6,20.6,0,2425.92
"ecom_108","/catalog/search","GET",210,16.62,66.9,57.5,7,28,1,72.11
"ecom_109","/checkout/pay","POST",121,2.8,74.9,53.8,11,36.8,0,469.58
"ecom_110","/inventory/check","GET",160,20.81,61.6,67.1,2,17.9,0,111.65
"ecom_111","/catalog/search","GET",117,13.16,63.4,68.4,6,38.1,1,57.98
"ecom_112","/catalog/search","GET",199,4.86,77.3,56.3,7,30.6,0,531.97
"ecom_113","/cart/add","POST",175,13.65,46.5,70.1,3,42,0,138.92
"ecom_114","/inventory/check","GET",176,7.06,51.2,67.5,1,21.8,0,100.24
"ecom_115","/inventory/check","GET",117,3.62,86.2,81.9,2,51.2,0,480.53
"ecom_116","/inventory/check","GET",159,2.52,52.2,53.6,3,26.9,0,116.85
"ecom_117","/inventory/check","GET",148,14.76,53.5,64.6,1,45.3,0,88.02
"ecom_118","/cart/add","POST",187,8.66,51.4,47.2,2,41.8,0,132.89
"ecom_119","/catalog/search","GET",135,10.45,64.5,70.8,4,40.7,0,164.61
"ecom_120","/cart/add","POST",161,13.45,58.9,68.4,4,15,0,161.35
"ecom_121","/cart/add","POST",132,3.38,52.8,58,4,29.3,0,142.72
"ecom_122","/catalog/search","GET",104,11.67,81.9,63.9,6,22.7,1,202.27
"ecom_123","/catalog/search","GET",139,13.02,59.2,61.5,7,18.8,1,62.46
"ecom_124","/cart/add","POST",130,25.5,53.8,72,2,21.6,0,124.51
"ecom_125","/catalog/search","GET",183,5.18,66.9,77,5,39.8,1,50.97
"ecom_126","/checkout/pay","POST",129,5.03,64.6,75.4,11,37.8,0,471.6
"ecom_127","/cart/add","POST",135,17.2,59.9,43.6,4,25.3,0,149.95
"ecom_128","/cart/add","POST",103,21.84,58.1,75.5,3,37.2,0,138.76
"ecom_129","/checkout/pay","POST",39,7.3,81,79.5,12,33.9,0,1466.48
"ecom_130","/catalog/search","GET",140,14.08,38.3,71.4,4,23.2,0,183.36
"ecom_131","/checkout/pay","POST",217,8.63,53.8,65.5,12,28.4,0,514.99
"ecom_132","/cart/add","POST",146,17.47,60.6,46.6,4,39.8,0,157.93
"ecom_133","/catalog/search","GET",100,11.96,55.3,71.2,3,30.4,1,47.77
"ecom_134","/catalog/search","GET",167,3.59,68.1,60.7,6,35.7,0,206.77
"ecom_135","/cart/add","POST",232,4.13,74.7,71.7,4,16.4,0,160.9
"ecom_136","/cart/add","POST",92,2.58,64.7,57,1,33.4,0,82.94
"ecom_137","/cart/add","POST",228,13.73,47.2,68.6,1,45.6,0,119.71
"ecom_138","/inventory/check","GET",94,34.23,74,59.3,2,45.9,0,99.51
"ecom_139","/cart/add","POST",144,21.58,28,75.5,4,26.7,0,153.16
"ecom_140","/checkout/pay","POST",130,11.8,65.5,74.8,10,22.7,0,452.74
"ecom_141","/inventory/check","GET",190,2.28,79.5,65.4,1,17.9,0,258.97
"ecom_142","/catalog/search","GET",130,36.74,53.5,56,3,26.5,0,169.49
"ecom_143","/inventory/check","GET",155,30.23,46.8,79.1,4,37.3,0,140.8
"ecom_144","/catalog/search","GET",160,34.64,53.1,59.7,4,39.5,0,184.58
"ecom_145","/inventory/check","GET",156,11.92,59.4,68.7,4,36.8,0,129.22
"ecom_146","/catalog/search","GET",165,6.35,39.4,54.1,7,38.7,0,224.29
"ecom_147","/cart/add","POST",128,21.59,59.8,71.5,4,31.1,0,147.85
"ecom_148","/checkout/pay","POST",126,17.44,72.4,60.1,9,27.1,0,444.44
"ecom_149","/catalog/search","GET",114,31.31,39.6,66.4,5,44.9,1,60.54
"ecom_150","/cart/add","POST",103,22.37,38.3,60.4,3,28.4,0,130.77
"ecom_151","/catalog/search","GET",132,7.57,49.4,57.1,6,30.8,1,52.99
"ecom_152","/cart/add","POST",155,9.2,79.8,59.4,3,31.4,0,383.26
"ecom_153","/cart/add","POST",215,8.23,86.4,61.3,3,35.3,0,776.67
"ecom_154","/inventory/check","GET",149,5.24,51.8,67.1,4,28.3,0,129.79
"ecom_155","/catalog/search","GET",139,26.23,56.9,44.5,5,26.3,1,58.67
"ecom_156","/catalog/search","GET",99,39.36,41.4,59.1,5,23.9,1,54.34
"ecom_157","/cart/add","POST",199,5.16,49.5,69.1,4,36.1,0,162.33
"ecom_158","/checkout/pay","POST",140,12.64,58.7,61.8,10,26.7,0,464.79
"ecom_159","/cart/add","POST",131,5.77,74.3,74.4,4,29.1,0,154.13
"ecom_160","/inventory/check","GET",103,5.82,62.8,64.4,4,43,0,122.96
"ecom_161","/inventory/check","GET",102,11.39,65.6,58.8,2,32.6,0,92.35
"ecom_162","/checkout/pay","POST",206,4.21,46,67.8,8,28.3,0,444.56
"ecom_163","/inventory/check","GET",122,16.67,61.4,79.8,2,41.2,0,95.66
"ecom_164","/cart/add","POST",190,13.67,70.6,46.3,3,35.3,0,146.29
"ecom_165","/catalog/search","GET",181,4.07,76.6,72,7,34,0,506.21
"ecom_166","/inventory/check","GET",170,3.63,78.8,66.7,2,38.9,0,271.91
"ecom_167","/catalog/search","GET",145,19.64,80,62.1,4,28.8,1,157.31
"ecom_168","/inventory/check","GET",187,3.8,70.1,63.1,1,23.8,0,92.71
"ecom_169","/catalog/search","GET",91,2.84,71,70.9,3,33.1,0,145.95
"ecom_170","/cart/add","POST",95,6.94,54,63.9,3,26.6,0,126.13
"ecom_171","/checkout/pay","POST",168,7.99,41.3,88.4,11,26.2,0,475.71
"ecom_172","/inventory/check","GET",168,4.09,64.6,74.7,1,24.7,0,95.53
"ecom_173","/cart/add","POST",139,14.4,37.5,67.2,3,28,0,142.13
"ecom_174","/checkout/pay","POST",98,5.73,83.5,61,11,36.5,0,1814.6
"ecom_175","/inventory/check","GET",111,5.6,52.5,56.4,3,23.7,0,109.43
"ecom_176","/inventory/check","GET",129,6.77,78.3,56.1,3,40.9,0,288.64
"ecom_177","/checkout/pay","POST",197,5.82,42.9,60.9,10,21,0,482.23
"ecom_178","/checkout/pay","POST",192,35.54,65.5,71.4,9,28.9,0,471.27
"ecom_179","/inventory/check","GET",118,6.73,60.9,57.1,4,22.5,0,125.46
"ecom_180","/checkout/pay","POST",142,18.94,84.9,44,6,22.8,0,1803.3
"ecom_181","/inventory/check","GET",176,10.39,87.5,62,3,23.8,0,723.35
"ecom_182","/checkout/pay","POST",25,4.52,69.6,37.8,7,34.8,0,391.75
"ecom_183","/cart/add","POST",96,5.06,73.2,56.5,1,23.3,0,92.23
"ecom_184","/catalog/search","GET",87,6.13,37.6,60.2,3,20.5,0,160.25
"ecom_185","/cart/add","POST",225,38.28,58.5,66.3,2,43,0,154.02
"ecom_186","/catalog/search","GET",93,20.87,46.4,54,3,26.1,0,161.91
"ecom_187","/catalog/search","GET",171,22.17,90,55.5,3,20.6,0,1298.71
"ecom_188","/catalog/search","GET",152,4.98,69.1,65.7,4,36.6,0,185.24
"ecom_189","/cart/add","POST",139,6.93,33.8,66.4,1,18.8,0,103.3
"ecom_190","/catalog/search","GET",89,2.85,60.5,63,4,33.9,0,171.22
"ecom_191","/catalog/search","GET",125,5.95,68.5,66.5,7,32.6,1,68.74
"ecom_192","/catalog/search","GET",133,5.41,70.3,71.9,6,33.9,1,62.24
"ecom_193","/catalog/search","GET",147,30.3,69.9,76.6,3,31.2,1,56.02
"ecom_194","/catalog/search","GET",142,18.28,53.7,71.6,5,30.5,1,61.16
"ecom_195","/inventory/check","GET",143,16.39,59.5,56.2,2,33.7,0,105.22
"ecom_196","/cart/add","POST",139,15.77,68.5,53.1,2,31.8,0,119.55
"ecom_197","/checkout/pay","POST",140,17.73,56.6,57.3,9,32.8,0,450.38
"ecom_198","/inventory/check","GET",98,3.97,50,63.3,1,16.8,0,80.86
"ecom_199","/catalog/search","GET",170,47.86,68.1,55.6,4,30.7,1,63.14
"ecom_200","/cart/add","POST",167,14.42,68.2,81.5,2,45.8,0,129.17
"ecom_201","/cart/add","POST",92,3.02,44.5,55.2,2,31.7,0,114.33
"ecom_202","/cart/add","POST",162,11.93,64.2,60.3,3,20.3,0,148.8
"ecom_203","/catalog/search","GET",162,13.87,42,74.1,5,25.8,1,64.19
"ecom_204","/catalog/search","GET",165,17.71,88.3,67.3,6,45.6,1,403.87
"ecom_205","/inventory/check","GET",140,7.48,34.2,66.7,3,30.3,0,109.85
"ecom_206","/catalog/search","GET",186,3.18,56.7,63.4,4,43.6,0,185.84
"ecom_207","/inventory/check","GET",179,15.49,76.1,58.5,3,28.9,0,275.6
"ecom_208","/catalog/search","GET",148,2.15,79.9,53.5,7,40.4,1,191.9
"ecom_209","/checkout/pay","POST",236,21.94,49.5,74.3,9,20.9,0,470.41
"ecom_210","/cart/add","POST",188,5.99,46.9,61.8,1,32.9,0,119.83
"ecom_211","/cart/add","POST",130,9.76,58.6,78.3,1,11.7,0,111.81
"ecom_212","/checkout/pay","POST",127,3.92,74.8,64.2,11,23.3,0,477.43
"ecom_213","/cart/add","POST",210,19.46,56.3,55.3,3,25.8,0,150.45
"ecom_214","/cart/add","POST",119,2.43,33.6,63.8,1,12.7,0,93.22
"ecom_215","/catalog/search","GET",156,4.54,63.4,51.4,3,38.3,1,53.43
"ecom_216","/cart/add","POST",148,18.54,59.9,69.5,2,34,0,125.77
"ecom_217","/catalog/search","GET",140,3.27,45.6,64.3,7,21.8,1,66.6
"ecom_218","/cart/add","POST",195,14.33,57.3,78.8,4,43,0,167.5
"ecom_219","/inventory/check","GET",172,3.67,49.4,73.1,3,12.9,0,125.64
"ecom_220","/catalog/search","GET",147,15.25,28.3,81.5,5,21.6,1,60.92
"ecom_221","/catalog/search","GET",191,5.97,50.1,61.4,4,19.4,1,50.18
"ecom_222","/cart/add","POST",161,23.89,78.8,67.5,2,26,0,337.55
"ecom_223","/cart/add","POST",161,4.43,64.2,79.8,4,28.7,0,158.36
"ecom_224","/cart/add","POST",147,20.56,47.1,62.3,2,34.9,0,126.95
"ecom_225","/cart/add","POST",158,4.64,49.3,60.4,2,35.5,0,119
"ecom_226","/catalog/search","GET",167,6.44,74.4,80.3,6,34.4,1,63.68
"ecom_227","/inventory/check","GET",121,9.04,63,43.5,1,22.4,0,98.07
"ecom_228","/catalog/search","GET",164,3.13,51.5,74.3,3,36.5,1,58.24
"ecom_229","/checkout/pay","POST",125,18.86,55.1,57,6,34.9,0,398.34
"ecom_230","/checkout/pay","POST",170,7.1,65.8,60.2,9,46,0,445.19
"ecom_231","/catalog/search","GET",179,9.9,61.2,69.8,6,21.2,0,219.74
"ecom_232","/catalog/search","GET",118,2.82,59.3,76.5,6,38.8,1,55.43
"ecom_233","/catalog/search","GET",127,12.32,47.4,74.1,5,18.3,0,193.8
"ecom_234","/cart/add","POST",181,5.59,38.1,59.1,1,24.5,0,111.6
"ecom_235","/catalog/search","GET",144,12.92,49.3,75.5,7,36.9,1,68.78
"ecom_236","/checkout/pay","POST",78,3.34,92.7,74,12,26.3,0,4835.8
"ecom_237","/catalog/search","GET",74,11.05,51.2,65.6,5,27.5,0,184.81
"ecom_238","/cart/add","POST",243,47.49,71.2,65.6,3,18,0,166.16
"ecom_239","/checkout/pay","POST",132,12.64,65.7,56.4,6,15.2,0,399.76
"ecom_240","/cart/add","POST",172,4.88,93.9,75.3,3,42.2,0,1637.24
"ecom_241","/catalog/search","GET",167,25.82,83,71.7,6,25.9,1,244.29
"ecom_242","/inventory/check","GET",101,2.33,50.1,49.7,4,27.3,0,128.28
"ecom_243","/catalog/search","GET",132,9.31,65.6,79.8,5,20.5,0,188.93
"ecom_244","/catalog/search","GET",113,8.02,77.2,75.9,5,39.5,1,129.76
"ecom_245","/catalog/search","GET",120,13.49,88.5,59.4,4,36.4,1,335.73
"ecom_246","/cart/add","POST",157,5.63,64.7,49.8,3,30,0,140.46
"ecom_247","/catalog/search","GET",166,10.17,56.3,62,5,32.8,1,64.25
"ecom_248","/catalog/search","GET",80,6.22,66.4,48.5,4,26.6,1,48.77
"ecom_249","/checkout/pay","POST",174,4.48,89.7,63,7,39.1,0,3068.66
"ecom_250","/catalog/search","GET",149,28.26,56.9,54.1,7,35,1,70.48
"ecom_251","/catalog/search","GET",124,3.43,34.9,61.9,7,33.5,1,62.37
"ecom_252","/cart/add","POST",161,34.05,54.9,74.3,2,19.6,0,133.93
"ecom_253","/catalog/search","GET",141,40.2,39.8,56.5,6,30.2,1,66.04
"ecom_254","/checkout/pay","POST",117,6.94,71.8,65.9,10,28.9,0,460.03
"ecom_255","/cart/add","POST",166,9.82,48.8,77.9,3,29.6,0,143.26
"ecom_256","/cart/add","POST",126,58.57,50.4,63.9,4,32.3,0,163.7
"ecom_257","/inventory/check","GET",67,19.73,62.4,79.3,2,36.6,0,93.08
"ecom_258","/checkout/pay","POST",179,3.17,34,50.9,6,41.5,0,402.71
"ecom_259","/catalog/search","GET",81,18.19,53.5,69.3,3,36.5,1,46.52
"ecom_260","/catalog/search","GET",162,46.2,68.6,71.8,4,28.3,1,63.67
"ecom_261","/catalog/search","GET",136,32.67,81.1,60.3,5,31.7,1,180.38
"ecom_262","/checkout/pay","POST",180,7.73,53.4,57.5,11,20.9,0,490.45
"ecom_263","/cart/add","POST",109,9.7,53.2,69.2,2,30.6,0,117.1
"ecom_264","/catalog/search","GET",172,3.63,63.8,67.3,5,26.3,1,55.37
"ecom_265","/cart/add","POST",202,3.9,85.6,60.2,4,37.2,0,777.25
"ecom_266","/inventory/check","GET",169,16.38,58.6,63.5,1,24.5,0,92.27
"ecom_267","/catalog/search","GET",124,31.62,77.7,63.6,3,32.4,1,118.29
"ecom_268","/checkout/pay","POST",146,14.59,57,67.2,12,15.4,0,498.7
"ecom_269","/checkout/pay","POST",178,11.96,68.8,70.6,11,29.6,0,492.32
"ecom_270","/checkout/pay","POST",241,16.04,57.8,67.5,6,41.3,0,428.33
"ecom_271","/catalog/search","GET",161,21.53,66.2,47.6,3,34.7,1,51.97
"ecom_272","/cart/add","POST",162,3.44,72.4,72.1,2,26.7,0,135.81
"ecom_273","/inventory/check","GET",206,28.24,58.7,67.7,2,23.6,0,125.82
"ecom_274","/cart/add","POST",108,4.62,63.5,74.4,3,21,0,121.36
"ecom_275","/inventory/check","GET",82,14.9,66.2,61.7,2,32.1,0,84.79
"ecom_276","/cart/add","POST",139,13.83,40.6,47.9,1,35.7,0,113.22
"ecom_277","/inventory/check","GET",127,26.78,43.4,49.4,4,9.8,0,142.74
"ecom_278","/cart/add","POST",137,9.84,50.7,76.3,4,33.7,0,158.16
"ecom_279","/cart/add","POST",56,11.91,68,62.4,2,26.2,0,102.35
"ecom_280","/catalog/search","GET",101,6.46,65.6,69.6,3,20.4,1,45.71
"ecom_281","/catalog/search","GET",234,6.47,74.5,73,5,39.2,0,209.08
"ecom_282","/catalog/search","GET",137,11.95,65.7,65.3,4,44.9,1,50.64
"ecom_283","/cart/add","POST",148,20.23,61.2,75.3,2,33.7,0,118.46
"ecom_284","/catalog/search","GET",207,2.64,71.4,60.8,6,42.9,0,222.44
"ecom_285","/catalog/search","GET",196,6.08,74.5,61.1,3,28.2,1,47.63
"ecom_286","/catalog/search","GET",173,6.37,74.5,65.5,7,27.1,0,242.16
"ecom_287","/cart/add","POST",166,4.39,68.2,72.7,3,28.9,0,135.9
"ecom_288","/checkout/pay","POST",158,9.78,30.1,56.2,8,29.1,0,434.76
"ecom_289","/checkout/pay","POST",176,10.75,49.3,70.8,12,37,0,508.69
"ecom_290","/catalog/search","GET",95,9.8,63.1,77.3,7,52.3,1,63.47
"ecom_291","/cart/add","POST",190,13.13,69.8,67.7,3,30.4,0,147.8
"ecom_292","/inventory/check","GET",127,12.84,84.9,69.4,4,30.8,0,575.73
"ecom_293","/checkout/pay","POST",209,3.73,80.7,72.6,11,34.2,0,1489.17
"ecom_294","/inventory/check","GET",177,63.36,76.1,84,4,21.9,0,353.14
"ecom_295","/catalog/search","GET",183,18.26,62.7,64.7,3,36.7,1,59.51
"ecom_296","/cart/add","POST",168,8.74,62.7,63.3,4,28.5,0,154.01
"ecom_297","/cart/add","POST",211,6.42,45.7,66.5,1,25.3,0,128.02
"ecom_298","/inventory/check","GET",140,2.95,46.6,77,3,22.8,0,112.03
"ecom_299","/catalog/search","GET",168,7.26,38.8,73.6,7,31.1,1,75.77
"ecom_300","/catalog/search","GET",110,8.18,63.3,73.4,5,36,1,54.36
"ecom_301","/catalog/search","GET",152,8.65,86,65.7,6,19.7,1,313.36
"ecom_302","/catalog/search","GET",146,14.42,63.3,70.3,5,38.4,1,60.2
"ecom_303","/cart/add","POST",132,5.96,77.5,80.1,1,36.1,0,234.62
"ecom_304","/catalog/search","GET",208,17.26,59.9,73.1,4,31.6,1,58.47
"ecom_305","/catalog/search","GET",215,6.59,43.1,67.5,5,32.4,0,208.97
"ecom_306","/cart/add","POST",113,4.4,62.9,60.4,1,24.4,0,96
"ecom_307","/checkout/pay","POST",138,24.29,51,68.6,12,34.8,0,500.02
"ecom_308","/cart/add","POST",190,4.43,65.3,68.3,4,37.3,0,163.46
"ecom_309","/catalog/search","GET",145,7.16,51.3,75.7,5,35.4,1,71.32
"ecom_310","/catalog/search","GET",142,6.02,57.8,84.4,5,16.2,0,187.68
"ecom_311","/catalog/search","GET",175,18.1,29.7,68.8,7,34.7,1,62.34
"ecom_312","/checkout/pay","POST",193,9.61,61.3,73.6,9,38.5,0,449.16
"ecom_313","/checkout/pay","POST",132,8.2,43.6,54.1,7,27.3,0,415.33
"ecom_314","/catalog/search","GET",216,8.03,56.4,54.3,6,41.4,0,228.34
"ecom_315","/inventory/check","GET",178,2.46,67.5,74.4,3,33.6,0,126.6
"ecom_316","/checkout/pay","POST",131,13.57,93.2,63.8,6,36.9,0,4312.22
"ecom_317","/cart/add","POST",143,4.45,79.7,48,2,31.4,0,334.06
"ecom_318","/catalog/search","GET",187,2.99,44.6,75.4,6,38.5,1,64.41
"ecom_319","/cart/add","POST",191,25.25,56.7,43.4,4,26.2,0,167.4
"ecom_320","/checkout/pay","POST",78,3.6,42.8,59.7,10,33.9,0,436.08
"ecom_321","/cart/add","POST",105,3.61,32.6,54.2,1,35.3,0,96.69
"ecom_322","/cart/add","POST",84,3.47,79.3,61.8,3,39.2,0,330.1
"ecom_323","/checkout/pay","POST",143,15.49,60.5,47.7,12,31,0,497.86
"ecom_324","/cart/add","POST",120,6.9,73.5,66.3,4,28.6,0,151.88
"ecom_325","/catalog/search","GET",196,16.49,65.1,82.5,6,50.7,1,63.71
"ecom_326","/checkout/pay","POST",207,15.25,97.5,80.8,8,36.2,0,7902.01
"ecom_327","/catalog/search","GET",217,18.45,47.7,62.2,6,38.6,1,77.15
"ecom_328","/checkout/pay","POST",77,13.01,60.4,74.7,8,21.3,0,431.33
"ecom_329","/catalog/search","GET",153,4.78,83.4,76.7,5,15.9,1,223.5
"ecom_330","/checkout/pay","POST",87,11.81,49.1,50.7,9,20.7,0,437.54
"ecom_331","/checkout/pay","POST",172,27.53,58.5,67.9,7,33.8,0,438.57
"ecom_332","/checkout/pay","POST",201,15.73,60.2,65.3,10,37.5,0,470.09
"ecom_333","/catalog/search","GET",160,19.27,51.5,61.4,4,35.7,0,183.55
"ecom_334","/catalog/search","GET",143,2.43,57.8,75.1,3,25.3,1,43.34
"ecom_335","/catalog/search","GET",165,13.92,53,71.7,4,26.9,1,48.57
"ecom_336","/catalog/search","GET",118,18.6,48.7,69.5,3,27.7,0,157.57
"ecom_337","/cart/add","POST",144,4.72,53.3,61.8,1,27.6,0,100.67
"ecom_338","/checkout/pay","POST",225,7.92,42.5,44,8,19.8,0,453.74
"ecom_339","/catalog/search","GET",113,9.61,79.1,58.7,3,36.2,0,418.35
"ecom_340","/catalog/search","GET",200,5.92,69.5,56.6,4,25,0,185.96
"ecom_341","/checkout/pay","POST",93,9.72,75.7,52.7,12,17.7,0,1014.03
"ecom_342","/inventory/check","GET",144,4.78,49.7,55.6,2,30.7,0,96.13
"ecom_343","/catalog/search","GET",137,11.08,88.7,64.2,6,35.6,1,403.02
"ecom_344","/catalog/search","GET",177,26.72,56.5,70.7,4,36,0,189.04
"ecom_345","/checkout/pay","POST",129,36.29,71.7,49.8,11,23.1,0,478.88
"ecom_346","/inventory/check","GET",200,23.99,62.6,65.5,4,31.2,0,153.87
"ecom_347","/checkout/pay","POST",137,14.32,74.5,62.4,12,29,0,498.02
"ecom_348","/catalog/search","GET",87,22.65,53.7,45.3,4,38.1,0,172.53
"ecom_349","/cart/add","POST",99,12.61,65.5,67.7,4,38.4,0,145.35
"ecom_350","/checkout/pay","POST",236,7.07,43.3,82.4,10,32.9,0,471.37
"ecom_351","/inventory/check","GET",156,9.43,67,67.7,3,30.4,0,120.11
"ecom_352","/catalog/search","GET",180,22.57,55.9,63.7,6,23.9,0,216.03
"ecom_353","/cart/add","POST",237,7.54,55,39.3,1,34.1,0,129.69
"ecom_354","/catalog/search","GET",137,35.24,73.3,63.9,6,32,1,71.17
"ecom_355","/cart/add","POST",160,2.88,68.7,62.8,3,36.4,0,137.56
"ecom_356","/cart/add","POST",184,4.41,64.5,58.7,2,33.7,0,131.4
"ecom_357","/inventory/check","GET",82,4.04,60.8,64.6,1,25.6,0,69.75
"ecom_358","/cart/add","POST",114,4.11,56.4,60.3,4,36.9,0,143.5
"ecom_359","/catalog/search","GET",211,13.21,55.2,58.5,5,29,0,212.7
"ecom_360","/catalog/search","GET",138,2.8,41.4,55.9,5,26.8,0,182.41
"ecom_361","/checkout/pay","POST",195,6.27,48.9,62.7,10,11.7,0,473.84
"ecom_362","/catalog/search","GET",98,20.92,54,71.4,4,33.9,1,51.25
"ecom_363","/catalog/search","GET",175,7.97,58.8,43.3,4,18.5,0,182.35
"ecom_364","/catalog/search","GET",160,6.21,57.3,70.1,6,41.9,1,67.62
"ecom_365","/cart/add","POST",236,2.75,69.3,54.8,3,22.5,0,149.84
"ecom_366","/cart/add","POST",227,3.9,41.5,58.9,1,15,0,119.48
"ecom_367","/checkout/pay","POST",186,4.28,62.6,72.8,9,27.4,0,458.06
"ecom_368","/cart/add","POST",183,17.12,44.8,75.2,3,38.8,0,149.08
"ecom_369","/checkout/pay","POST",148,9.33,53.6,59.5,10,29.5,0,465.5
"ecom_370","/checkout/pay","POST",177,25.29,56.7,60.4,12,37.9,0,503.29
"ecom_371","/catalog/search","GET",97,5,22.2,76.7,5,22.5,0,183.67
"ecom_372","/checkout/pay","POST",77,40.17,42,69.3,11,40.4,0,489.96
"ecom_373","/cart/add","POST",211,20.01,64.2,53,4,38.7,0,180.93
"ecom_374","/cart/add","POST",127,7.71,99,59.6,2,36.8,0,2509.05
"ecom_375","/cart/add","POST",108,4.99,56.8,53.3,2,26.6,0,116.42
"ecom_376","/inventory/check","GET",191,15.34,46.7,66.7,2,27.3,0,116.12
"ecom_377","/cart/add","POST",166,66.36,61.8,44.9,3,30.7,0,149.12
"ecom_378","/checkout/pay","POST",206,3.9,74.4,71.2,8,38.5,0,442.64
"ecom_379","/inventory/check","GET",128,13.45,47.5,59.7,3,26.2,0,106.24
"ecom_380","/catalog/search","GET",179,7.08,67.2,67.2,5,26.7,1,64.86
"ecom_381","/cart/add","POST",154,4.75,26.6,69.6,2,22,0,129.27
"ecom_382","/cart/add","POST",149,9.18,38.1,58.9,3,29.9,0,127.36
"ecom_383","/checkout/pay","POST",109,18.44,97.6,62.4,11,29.7,0,8470.64
"ecom_384","/catalog/search","GET",124,7.96,72.4,65.6,6,17.3,0,198.29
"ecom_385","/inventory/check","GET",91,8.16,38.5,75.9,3,37.6,0,109.4
"ecom_386","/checkout/pay","POST",277,6.04,59.6,56.3,10,25.7,0,483.12
"ecom_387","/cart/add","POST",88,4.92,47.3,66.6,3,26.7,0,122.09
"ecom_388","/catalog/search","GET",104,5.97,64.2,61.1,6,28.5,1,62.94
"ecom_389","/catalog/search","GET",153,5.18,78.5,69.8,4,25.4,1,133.91
"ecom_390","/inventory/check","GET",120,35.14,50,49.5,4,28.1,0,147
"ecom_391","/cart/add","POST",191,5.61,67.7,66,1,42.9,0,111.71
"ecom_392","/catalog/search","GET",165,9.46,71.3,62.9,6,27.5,1,65.13
"ecom_393","/catalog/search","GET",180,11.92,64.6,61.1,3,26.4,0,168.68
"ecom_394","/inventory/check","GET",147,35.85,50.6,64.6,2,31,0,108.55
"ecom_395","/inventory/check","GET",160,3.38,71.7,64.8,1,37.8,0,92.27
"ecom_396","/checkout/pay","POST",140,11.29,46.6,30.4,8,15,0,427.92
"ecom_397","/catalog/search","GET",203,19.36,78.6,47.8,7,10.4,1,189.55
"ecom_398","/catalog/search","GET",106,6.35,56.8,72.6,6,41.3,0,197.51
"ecom_399","/cart/add","POST",151,29.6,63.3,77.7,3,33.6,0,142.09
"ecom_400","/catalog/search","GET",117,36.02,66.8,65.2,4,34,0,189.74
"ecom_401","/cart/add","POST",170,10.32,71.2,66,2,29.7,0,133.38
"ecom_402","/checkout/pay","POST",66,5.35,35.2,76.9,7,19.2,0,396.36
"ecom_403","/catalog/search","GET",146,12.29,56,75.4,7,28.2,1,61.41
"ecom_404","/inventory/check","GET",191,5.93,62.5,67.5,1,31.8,0,94.15
"ecom_405","/checkout/pay","POST",147,26.42,47.2,77.9,6,32.7,0,409.17
"ecom_406","/inventory/check","GET",140,4.38,41,60.8,2,37.9,0,97.72
"ecom_407","/catalog/search","GET",181,4.3,68,48.2,6,26.7,1,67.29
"ecom_408","/checkout/pay","POST",198,3.7,52.1,52.8,8,37.8,0,441.2
"ecom_409","/inventory/check","GET",114,10.99,75.4,67.4,3,40.4,0,219.96
"ecom_410","/catalog/search","GET",94,2.3,70.8,61,6,23.1,0,200.26
"ecom_411","/checkout/pay","POST",147,3.09,57.6,60,12,37.3,0,484.85
"ecom_412","/cart/add","POST",192,12.47,78.7,67.1,4,36,0,426.35
"ecom_413","/cart/add","POST",139,14.27,79.1,67.1,2,41,0,325.48
"ecom_414","/catalog/search","GET",188,29.58,51.9,64.6,3,33.8,1,47
"ecom_415","/cart/add","POST",111,20.87,55.2,59.1,1,39.6,0,101.56
"ecom_416","/inventory/check","GET",118,12.22,60.5,71.2,2,25.1,0,96.05
"ecom_417","/cart/add","POST",59,2.53,57.6,73.2,4,30.3,0,138.72
"ecom_418","/catalog/search","GET",213,12.5,74.4,69.5,5,33.3,1,69.06
"ecom_419","/cart/add","POST",111,14.87,68.5,54.9,1,25.1,0,98.73
"ecom_420","/catalog/search","GET",109,12.82,51.7,62.9,7,37.1,0,215.75
"ecom_421","/inventory/check","GET",126,11.69,38.3,88.1,4,20.4,0,130.5
"ecom_422","/inventory/check","GET",179,17.84,78,62.3,2,31.9,0,278.52
"ecom_423","/catalog/search","GET",132,5.66,51.1,63.5,5,32,1,53.53
"ecom_424","/cart/add","POST",139,4.99,52.2,74.2,1,46.9,0,100.77
"ecom_425","/checkout/pay","POST",177,17.98,68.8,60.7,10,40.9,0,471.6
"ecom_426","/cart/add","POST",125,3.85,67.3,69.6,4,28.2,0,136.36
"ecom_427","/cart/add","POST",179,10.4,50.2,83.1,2,27.7,0,132.27
"ecom_428","/checkout/pay","POST",139,11.09,42.3,65.1,7,30.2,0,413.94
"ecom_429","/inventory/check","GET",183,16.6,58.6,45.5,1,32.2,0,92.31
"ecom_430","/checkout/pay","POST",105,10.95,48,55.8,6,31.7,0,386.09
"ecom_431","/checkout/pay","POST",121,6.89,41.9,47,11,37.3,0,471.49
"ecom_432","/checkout/pay","POST",194,5.03,61.1,66.9,8,41.6,0,440.95
"ecom_433","/cart/add","POST",225,17.01,74.3,62.2,1,25,0,136.08
"ecom_434","/cart/add","POST",115,10.44,75.4,67.9,3,21.1,0,266.05
"ecom_435","/cart/add","POST",208,3.71,71.8,70,1,37.4,0,124.13
"ecom_436","/checkout/pay","POST",240,5.44,68.6,54.6,11,24.8,0,494.2
"ecom_437","/checkout/pay","POST",90,19.03,66.2,62.4,6,30.4,0,396.48
"ecom_438","/cart/add","POST",116,9.2,55,70.9,3,27.3,0,122.07
"ecom_439","/inventory/check","GET",140,2.06,88.9,62.7,2,30.7,0,658.45
"ecom_440","/cart/add","POST",208,3.53,59.2,55.4,4,34.9,0,169.59
"ecom_441","/inventory/check","GET",150,4.08,51.8,73.3,4,25.5,0,128.73
"ecom_442","/inventory/check","GET",131,32.92,60.4,64.5,4,24,0,139.8
"ecom_443","/cart/add","POST",193,31.67,36.2,72.2,4,33.1,0,176.15
"ecom_444","/cart/add","POST",96,25.42,62.5,62.1,1,26.1,0,109.34
"ecom_445","/cart/add","POST",148,11.78,39.3,61,1,46.1,0,106.11
"ecom_446","/inventory/check","GET",163,14.73,70.7,56.2,1,18,0,94.72
"ecom_447","/checkout/pay","POST",204,3.1,98.5,71.7,10,28.7,0,9378.24
"ecom_448","/catalog/search","GET",146,6.36,55.5,62.4,4,34,1,54.68
"ecom_449","/catalog/search","GET",137,7.12,56.3,66,7,47.6,1,69.38
"ecom_450","/catalog/search","GET",149,5.02,82.9,67.7,7,36.7,0,823.54
"ecom_451","/catalog/search","GET",171,17.32,54.3,72.2,5,28.2,1,60.12
"ecom_452","/catalog/search","GET",199,3.6,66.8,80,6,46.4,1,68.35
"ecom_453","/inventory/check","GET",180,8.04,42.3,70.5,3,33.5,0,122.8
"ecom_454","/cart/add","POST",131,3,76.5,50.4,3,34.2,0,299.08
"ecom_455","/cart/add","POST",79,3.25,38.5,80.1,1,28,0,86.64
"ecom_456","/catalog/search","GET",151,9.79,52.9,66.1,7,34.1,0,213.7
"ecom_457","/checkout/pay","POST",159,5.19,83.3,87.8,7,29.1,0,1600.18
"ecom_458","/checkout/pay","POST",93,17.04,59.4,59.4,10,21.7,0,454.48
"ecom_459","/catalog/search","GET",140,14.21,62.5,75.8,7,31.3,0,233.3
"ecom_460","/cart/add","POST",131,4.75,68.1,49.3,1,30.6,0,101.04
"ecom_461","/checkout/pay","POST",196,4.31,83,61.5,6,31.4,0,1521.65
"ecom_462","/cart/add","POST",173,17.3,71.2,75.4,3,19,0,145.75
"ecom_463","/checkout/pay","POST",183,4.38,54.4,70.2,10,28.7,0,476.48
"ecom_464","/catalog/search","GET",208,25.75,77.2,63.9,7,23.9,1,167.74
"ecom_465","/catalog/search","GET",190,12.11,46.5,64.7,4,38.6,1,56.52
"ecom_466","/cart/add","POST",70,2.53,60.2,80.4,4,30.7,0,137.8
"ecom_467","/inventory/check","GET",165,8.79,51.7,53.4,2,26.5,0,102.46
"ecom_468","/cart/add","POST",122,11.61,42.1,58.3,3,35.7,0,135.82
"ecom_469","/checkout/pay","POST",163,10.75,63.1,73.5,7,35.9,0,419.62
"ecom_470","/catalog/search","GET",223,6.12,51.6,66.7,6,25.3,1,68.22
"ecom_471","/catalog/search","GET",128,2.94,68,71.9,5,28.3,0,189.45
"ecom_472","/cart/add","POST",158,6.12,55.8,68.1,4,27.9,0,161.04
"ecom_473","/checkout/pay","POST",179,3.61,47.3,59.1,8,38.2,0,434.06
"ecom_474","/cart/add","POST",159,18.41,39.5,72.8,3,36.3,0,133.04
"ecom_475","/catalog/search","GET",135,8.5,58.2,60.6,5,0.7,1,64.81
"ecom_476","/cart/add","POST",160,2.08,55.5,60.4,3,35.3,0,133.1
"ecom_477","/inventory/check","GET",123,2.02,68,73.5,3,25.8,0,105.52
"ecom_478","/cart/add","POST",107,4.63,72.5,62.5,1,33.3,0,101.85
"ecom_479","/cart/add","POST",97,18.13,43.6,67.3,1,26.4,0,92.46
"ecom_480","/catalog/search","GET",187,3.99,59.1,52,4,30.2,1,55.27
"ecom_481","/checkout/pay","POST",154,7.46,45.4,48.6,9,23.8,0,451.45
"ecom_482","/catalog/search","GET",123,12.75,48.6,54.5,7,32.1,0,217.53
"ecom_483","/catalog/search","GET",159,3.77,74.4,54.7,6,28.5,0,207.55
"ecom_484","/catalog/search","GET",155,16.93,50.2,51.2,3,38.8,0,170.45
"ecom_485","/catalog/search","GET",215,4.08,64.4,70,4,26,1,54.51
"ecom_486","/checkout/pay","POST",174,4.51,63.3,65.4,9,28.7,0,447.39
"ecom_487","/cart/add","POST",244,37.42,70.3,62.6,1,21.1,0,144.69
"ecom_488","/catalog/search","GET",173,25.32,51.7,58.9,5,31.9,1,54.4
"ecom_489","/cart/add","POST",218,4.21,77.8,68.4,1,17.5,0,294.05
"ecom_490","/checkout/pay","POST",133,10.8,48.4,49.2,12,24.2,0,492.07
"ecom_491","/catalog/search","GET",100,6.17,39.7,53.9,7,25.3,1,64.79
"ecom_492","/catalog/search","GET",81,9.81,62,61.3,6,34.8,1,56.07
"ecom_493","/catalog/search","GET",207,9.39,41.2,47.4,3,25.8,1,49.95
"ecom_494","/checkout/pay","POST",219,16.12,44.3,66.1,9,23,0,471.45
"ecom_495","/cart/add","POST",159,3.65,49.5,48.9,1,20.9,0,112.86
"ecom_496","/inventory/check","GET",121,44.79,51.5,59.5,3,29,0,121.8
"ecom_497","/checkout/pay","POST",166,39.3,62.3,58.2,6,36.5,0,415.54
"ecom_498","/catalog/search","GET",173,6.47,56,61.6,5,14.6,1,66.74
"ecom_499","/catalog/search","GET",128,26.76,73.7,48.9,3,27.9,1,44.63
"ecom_500","/cart/add","POST",106,2.22,63.9,81.8,3,30.4,0,122.61
"ecom_501","/cart/add","POST",120,10.09,55,67.3,2,30.6,0,119.68
"ecom_502","/cart/add","POST",173,8.25,66.1,57.9,1,43.8,0,117.83
"ecom_503","/cart/add","POST",118,47.08,53,55.9,2,29.7,0,132.83
"ecom_504","/catalog/search","GET",118,8.26,46,71.1,7,30.2,0,219.38
"ecom_505","/checkout/pay","POST",107,9.14,71.8,65.5,10,32.8,0,443.38
"ecom_506","/checkout/pay","POST",125,17.76,53.9,71.6,11,24.7,0,468.66
"ecom_507","/cart/add","POST",194,6.98,54.7,57.4,2,25.5,0,142.72
"ecom_508","/cart/add","POST",142,17.71,56.9,66.4,4,32.5,0,147.5
"ecom_509","/catalog/search","GET",135,6.27,80.8,39.8,4,20.5,1,161.23
"ecom_510","/catalog/search","GET",143,14.33,90,65.7,5,22.9,0,1458.61
"ecom_511","/catalog/search","GET",169,3.11,62.8,71,5,22.3,1,56.01
"ecom_512","/checkout/pay","POST",110,9.01,60.2,59.3,8,31.3,0,430.06
"ecom_513","/cart/add","POST",171,6.5,76,73.2,2,34.6,0,268.58
"ecom_514","/catalog/search","GET",157,3.35,63.2,75,5,44.6,1,61.86
"ecom_515","/checkout/pay","POST",147,2.91,75.6,68.2,8,28.8,0,891.91
"ecom_516","/checkout/pay","POST",156,6.47,66.5,69.2,6,34.1,0,401.33
"ecom_517","/catalog/search","GET",174,8.93,61.9,65.9,6,21.2,0,207.96
"ecom_518","/catalog/search","GET",107,3.65,60.4,69.7,3,25.5,1,43.75
"ecom_519","/cart/add","POST",168,4.05,71.3,61,3,36.5,0,133.03
"ecom_520","/checkout/pay","POST",152,8.56,78.4,75.7,9,41.1,0,1129.89
"ecom_521","/cart/add","POST",156,19.74,63,65.3,3,23.5,0,142.74
"ecom_522","/checkout/pay","POST",117,5.82,69.8,74.5,7,27.2,0,415.75
"ecom_523","/catalog/search","GET",151,14.1,55,65.3,5,23.4,0,204.85
"ecom_524","/catalog/search","GET",188,4.62,29.9,71.4,3,31.2,1,47.72
"ecom_525","/inventory/check","GET",92,12.98,31.5,61.7,2,22.7,0,91.68
"ecom_526","/checkout/pay","POST",119,19.91,56.5,72.9,11,50.2,0,478.38
"ecom_527","/catalog/search","GET",98,24.76,74.3,61.9,6,33.7,1,58.25
"ecom_528","/cart/add","POST",105,3.14,81,78.3,1,34.4,0,303.91
"ecom_529","/inventory/check","GET",124,5.89,44.9,62.5,3,32.6,0,100.14
"ecom_530","/cart/add","POST",145,2.54,85.5,59,1,38.1,0,490.19
"ecom_531","/checkout/pay","POST",126,9.76,49,63.8,10,32.4,0,464.73
"ecom_532","/checkout/pay","POST",163,3.98,42.9,65.8,10,23.6,0,460.23
"ecom_533","/cart/add","POST",131,5.09,42.4,68.9,3,38.8,0,125.86
"ecom_534","/cart/add","POST",158,11.58,60.5,48.5,4,39.9,0,156.32
"ecom_535","/cart/add","POST",123,15.6,34.9,54.1,2,29.9,0,122.98
"ecom_536","/catalog/search","GET",95,3.44,55.8,66.3,5,31.3,0,184.45
"ecom_537","/cart/add","POST",228,17.22,91.1,56.4,3,37.1,0,1329.32
"ecom_538","/cart/add","POST",189,2.36,70.5,52.7,2,31.3,0,133.82
"ecom_539","/catalog/search","GET",125,35,74.2,49.4,4,42.8,1,52.27
"ecom_540","/catalog/search","GET",74,14.29,57.2,84.7,3,11.3,1,47.29
"ecom_541","/checkout/pay","POST",167,5.49,35.6,60.8,6,26.3,0,405.96
"ecom_542","/cart/add","POST",192,9.65,43.6,80.4,4,38.3,0,170.46
"ecom_543","/cart/add","POST",186,14.4,65.1,67.8,4,25.7,0,161.2
"ecom_544","/cart/add","POST",149,7.95,82.5,75.8,3,17.5,0,490.11
"ecom_545","/catalog/search","GET",146,6.81,49.7,64,6,39.3,0,208.18
"ecom_546","/inventory/check","GET",121,13.2,46.5,69.1,3,35.6,0,103.53
"ecom_547","/checkout/pay","POST",85,13.96,80.2,41.5,11,8.7,0,1358.94
"ecom_548","/inventory/check","GET",135,7.08,77,52.6,1,34.3,0,194.78
"ecom_549","/catalog/search","GET",165,22.88,43.9,49.8,6,25.4,1,66.05
"ecom_550","/catalog/search","GET",137,33.56,62.4,72.4,7,31.4,1,65.08
"ecom_551","/cart/add","POST",121,13.95,68.9,60.9,4,22.1,0,149.96
"ecom_552","/inventory/check","GET",151,12.76,60.5,52.8,3,35.2,0,125
"ecom_553","/cart/add","POST",212,13.41,84.3,67,2,39.5,0,581.27
"ecom_554","/catalog/search","GET",164,28.22,50.6,74.9,5,24.5,1,64.78
"ecom_555","/catalog/search","GET",166,8.65,76.7,70.4,3,25.8,1,101.9
"ecom_556","/checkout/pay","POST",121,13.35,42.6,67.1,6,36.9,0,396.19
"ecom_557","/cart/add","POST",124,7.76,50.4,56.8,1,32.8,0,102.85
"ecom_558","/cart/add","POST",111,9.14,50.5,70.9,4,50.1,0,145.88
"ecom_559","/catalog/search","GET",73,30.99,52.8,56.8,4,33.4,1,48.5
"ecom_560","/inventory/check","GET",93,14.91,65.1,67.7,3,37.6,0,107.29
"ecom_561","/catalog/search","GET",180,6.76,56.1,65.1,4,26.7,1,59.78
"ecom_562","/checkout/pay","POST",139,2.33,75.7,79.4,7,28.8,0,869.39
"ecom_563","/catalog/search","GET",149,4.33,73.7,66.9,6,26.8,1,58.06
"ecom_564","/inventory/check","GET",209,3.48,60.2,80.7,4,47.7,0,143.28
"ecom_565","/cart/add","POST",188,7.86,67.7,58.9,4,30.2,0,153.42
"ecom_566","/catalog/search","GET",83,19.24,68.1,54.8,3,19.9,0,148.77
"ecom_567","/checkout/pay","POST",206,5.65,36.8,42.4,6,19.3,0,418.23
"ecom_568","/catalog/search","GET",132,5.24,52.4,67.7,4,34.8,1,49.18
"ecom_569","/inventory/check","GET",109,4.52,69.5,54.1,2,19.4,0,101.17
"ecom_570","/cart/add","POST",272,3.53,47.8,61.1,3,30.9,0,154.39
"ecom_571","/catalog/search","GET",63,2.46,36.2,67.7,6,37.4,1,58.74
"ecom_572","/checkout/pay","POST",156,28.24,45.7,73.9,7,41.3,0,431.86
"ecom_573","/cart/add","POST",177,4.19,71.7,72,2,34.2,0,127.33
"ecom_574","/checkout/pay","POST",109,9.16,33.7,68.5,11,28.6,0,464.87
"ecom_575","/checkout/pay","POST",161,3.89,47.7,63,6,27.2,0,394.13
"ecom_576","/cart/add","POST",82,5.49,51,73.9,2,25.7,0,105.37
"ecom_577","/catalog/search","GET",165,26.13,50.5,68,5,25.5,0,202.97
"ecom_578","/catalog/search","GET",203,6.61,54,71,7,25.7,1,81.48
"ecom_579","/cart/add","POST",138,7.04,65.9,65.7,1,14,0,106.63
"ecom_580","/cart/add","POST",140,15.9,79.3,80.6,4,31.8,0,412.1
"ecom_581","/cart/add","POST",133,22.12,47,75,4,27.9,0,146.8
"ecom_582","/cart/add","POST",174,26.95,38.9,62.4,3,22.3,0,144.21
"ecom_583","/inventory/check","GET",178,16.37,81,70.5,2,36.7,0,341.75
"ecom_584","/catalog/search","GET",134,4.95,61.3,71.5,4,22.5,1,47.07
"ecom_585","/cart/add","POST",64,17.8,76.4,61.9,1,30.2,0,203.44
"ecom_586","/inventory/check","GET",206,12.78,58.1,61.9,4,29.7,0,146.81
"ecom_587","/checkout/pay","POST",193,59.77,57.3,64.4,6,37.8,0,428.58
"ecom_588","/cart/add","POST",156,8.95,92.4,54.7,1,39.7,0,1077.8
"ecom_589","/checkout/pay","POST",127,3.42,69,63.9,11,35.6,0,475.08
"ecom_590","/checkout/pay","POST",56,29.96,58.5,74,11,31.5,0,476.7
"ecom_591","/checkout/pay","POST",95,33.54,74.5,61.2,7,32.1,0,422.11
"ecom_592","/cart/add","POST",188,32.56,64.9,67.6,1,32.5,0,119.07
"ecom_593","/cart/add","POST",79,21.37,41.4,73.7,2,30.6,0,107.11
"ecom_594","/cart/add","POST",159,11.79,55.1,66.7,4,37.7,0,150.88
"ecom_595","/checkout/pay","POST",181,3.28,49.1,66.5,12,29.7,0,496.58
"ecom_596","/catalog/search","GET",175,5.52,66.9,66,3,17.8,1,51.47
"ecom_597","/cart/add","POST",224,8.74,57.8,60.9,4,27.6,0,168.33
"ecom_598","/inventory/check","GET",127,3.82,82,70,3,36.2,0,379.28
"ecom_599","/cart/add","POST",144,7.26,46.8,59.4,4,22.4,0,146.29
"ecom_600","/catalog/search","GET",171,13.7,66.8,56.4,4,40.2,1,54.01
"ecom_601","/catalog/search","GET",197,8.86,80,70,7,20.9,0,663.74
"ecom_602","/cart/add","POST",129,13.02,44.8,60.2,1,30.2,0,103.65
"ecom_603","/cart/add","POST",150,9.88,52.5,73,3,13.7,0,131.06
"ecom_604","/cart/add","POST",124,21.32,71.7,70.6,4,25.6,0,156.55
"ecom_605","/inventory/check","GET",157,8.04,78,57.7,4,25.7,0,328.7
"ecom_606","/catalog/search","GET",170,15.14,81.9,52.9,6,26.9,0,728.17
"ecom_607","/cart/add","POST",143,5.86,71.2,74,2,28.3,0,124.3
"ecom_608","/catalog/search","GET",167,9.98,83.6,65.7,6,28.2,0,837.53
"ecom_609","/cart/add","POST",127,6.83,64.6,60.6,2,32.9,0,118.55
"ecom_610","/catalog/search","GET",68,3.03,54,67.5,6,12.1,1,54.28
"ecom_611","/catalog/search","GET",88,6.74,71.6,61.9,7,29.9,1,65.79
"ecom_612","/cart/add","POST",222,3.83,52.8,42.1,1,38.2,0,120.52
"ecom_613","/checkout/pay","POST",202,8.45,41.2,62.4,7,20.2,0,435.03
"ecom_614","/catalog/search","GET",82,9.11,86.9,62.8,7,55.5,0,1139.34
"ecom_615","/catalog/search","GET",183,7.22,99,59.1,7,37,1,1443.62
"ecom_616","/catalog/search","GET",177,3.11,51.5,69.4,6,29.3,1,64.54
"ecom_617","/inventory/check","GET",136,12.66,50.5,58.6,4,24,0,129.15
"ecom_618","/cart/add","POST",118,2.48,58.6,62.3,3,28.3,0,125.22
"ecom_619","/catalog/search","GET",107,59.03,84.2,62.5,4,30.5,0,773.99
"ecom_620","/checkout/pay","POST",171,18.38,69.8,56.6,10,20.8,0,464.8
"ecom_621","/cart/add","POST",58,21.71,81.4,63.3,4,23.7,0,446.74
"ecom_622","/catalog/search","GET",181,4.44,83,51.9,3,34.2,1,187.08
"ecom_623","/catalog/search","GET",118,21.19,63.2,70.5,5,28.4,1,62.33
"ecom_624","/checkout/pay","POST",191,4.99,57.4,64.3,10,25.5,0,474.1
"ecom_625","/catalog/search","GET",214,4.33,66.9,69.9,6,31.6,0,216.09
"ecom_626","/checkout/pay","POST",121,11.21,59.9,65.7,7,23.1,0,416.11
"ecom_627","/checkout/pay","POST",179,4.49,28.2,45.3,7,44,0,427.98
"ecom_628","/cart/add","POST",156,16.01,63.7,60.6,3,36.2,0,139.32
"ecom_629","/inventory/check","GET",97,9.66,70.2,69.1,1,43.9,0,79.67
"ecom_630","/cart/add","POST",135,16.37,52.8,55.1,2,32.2,0,120.97
"ecom_631","/catalog/search","GET",108,6.19,43.2,72.5,6,36,1,60.82
"ecom_632","/catalog/search","GET",148,2.69,59.3,67.7,4,22.4,0,176.29
"ecom_633","/cart/add","POST",201,18.28,72.1,62.4,1,12.2,0,117.9
"ecom_634","/catalog/search","GET",148,7.89,57.2,46.9,5,31.2,1,56.87
"ecom_635","/inventory/check","GET",148,6.56,74.7,69.7,4,34.9,0,127.79
"ecom_636","/catalog/search","GET",165,11.62,55.1,62.6,4,39.5,0,183.73
"ecom_637","/cart/add","POST",194,27.06,41.6,72.2,2,23.2,0,140.51
"ecom_638","/catalog/search","GET",93,10.4,84.7,59.4,3,28.9,1,202.62
"ecom_639","/checkout/pay","POST",130,9.8,44,72.8,10,36.6,0,466.68
"ecom_640","/catalog/search","GET",61,4.06,44,73.3,7,37.5,1,64.19
"ecom_641","/checkout/pay","POST",181,2.18,51.7,73.8,11,40.1,0,474.65
"ecom_642","/checkout/pay","POST",107,10.67,30.5,81.2,11,24.2,0,471.28
"ecom_643","/catalog/search","GET",124,9.37,38.9,58.4,7,11.5,1,61.97
"ecom_644","/inventory/check","GET",213,8.55,65.3,73.5,4,35.6,0,149.44
"ecom_645","/catalog/search","GET",92,2.23,59.9,42.9,6,34.1,1,49.84
"ecom_646","/catalog/search","GET",117,5.32,67.3,65.6,6,31.1,1,51.04
"ecom_647","/cart/add","POST",136,8.14,76.3,64.2,2,29.8,0,265.89
"ecom_648","/catalog/search","GET",128,4.65,62.3,62.8,6,22.6,0,210.9
"ecom_649","/catalog/search","GET",139,8.68,61.1,73.3,6,32.1,1,66.34
"ecom_650","/checkout/pay","POST",157,11.66,34.8,61.1,9,37.1,0,454.75
"ecom_651","/catalog/search","GET",178,5.79,39.7,57.4,5,19.5,1,54.03
"ecom_652","/checkout/pay","POST",179,24.87,95.3,54.7,8,20.6,0,6095.46
"ecom_653","/cart/add","POST",47,9.96,60.2,74.2,4,35.3,0,134.41
"ecom_654","/catalog/search","GET",147,45.34,49.1,50.3,7,29,1,67.75
"ecom_655","/cart/add","POST",136,8.02,54.9,70.9,4,22.7,0,142.97
"ecom_656","/catalog/search","GET",109,4.26,37.1,47.7,4,5.4,1,48.84
"ecom_657","/catalog/search","GET",133,3.05,38,59.5,5,45.9,1,43.74
"ecom_658","/catalog/search","GET",180,5,78.4,58.9,6,33.3,1,157.91
"ecom_659","/checkout/pay","POST",185,9.22,73.9,55.2,7,20,0,430.12
"ecom_660","/inventory/check","GET",153,19.68,64.7,66.7,2,23.1,0,108.96
"ecom_661","/cart/add","POST",108,2.59,74.1,69.6,4,28.6,0,137.87
"ecom_662","/checkout/pay","POST",140,6.34,42.5,73.1,6,27,0,394.26
"ecom_663","/catalog/search","GET",154,6.19,63,68.3,4,27.7,1,44.11
"ecom_664","/inventory/check","GET",144,20.8,65.2,73.8,1,32.8,0,93.39
"ecom_665","/inventory/check","GET",128,10.67,56.6,63.8,2,25.4,0,115.06
"ecom_666","/cart/add","POST",173,2.56,55.5,72.6,4,20.6,0,158.4
"ecom_667","/catalog/search","GET",241,3.28,51.6,68.2,3,25.7,1,43.92
"ecom_668","/inventory/check","GET",118,9.74,76,43.2,1,26.6,0,171.35
"ecom_669","/catalog/search","GET",260,13.71,56.3,59.3,7,13,0,242.89
"ecom_670","/checkout/pay","POST",133,3.9,73.2,66.1,10,23.6,0,456.3
"ecom_671","/inventory/check","GET",130,11.59,62.6,58.3,4,36.4,0,132.02
"ecom_672","/cart/add","POST",126,12.48,65.7,58.9,4,31.5,0,154.56
"ecom_673","/checkout/pay","POST",179,7.32,59.7,50.5,11,23.4,0,500.43
"ecom_674","/checkout/pay","POST",58,10.72,90.7,70.9,7,30.1,0,3250.56
"ecom_675","/checkout/pay","POST",150,3.53,86.5,75.2,9,36.3,0,2327.63
"ecom_676","/catalog/search","GET",119,25.68,82,60.2,7,27,1,227.27
"ecom_677","/cart/add","POST",221,4.68,35.9,59.2,2,38.2,0,141.93
"ecom_678","/cart/add","POST",160,5.46,66,50.5,1,34.3,0,101.13
"ecom_679","/catalog/search","GET",116,2.6,75.3,69.9,4,35.8,1,105.05
"ecom_680","/catalog/search","GET",135,4.76,81,57.1,6,23.4,0,642.19
"ecom_681","/cart/add","POST",152,10.81,44.1,58.2,4,34.4,0,156.45
"ecom_682","/cart/add","POST",118,2.46,65.1,68.4,1,35.3,0,103.88
"ecom_683","/catalog/search","GET",129,6.57,45.1,58.9,7,28.6,1,67.3
"ecom_684","/cart/add","POST",177,11.23,81.2,80.8,4,23.1,0,516.6
"ecom_685","/catalog/search","GET",195,21.89,30.7,69.6,3,21.8,1,54.28
"ecom_686","/inventory/check","GET",199,21.71,54.6,52.7,2,24.4,0,121.8
"ecom_687","/checkout/pay","POST",213,8.99,76.1,56.3,10,37,0,1029.58
"ecom_688","/inventory/check","GET",160,5,85.7,66.8,3,31.3,0,569.57
"ecom_689","/checkout/pay","POST",212,25.13,74.3,65.7,8,36.9,0,448.13
"ecom_690","/cart/add","POST",50,23.71,63.4,74.1,4,32.1,0,141.24
"ecom_691","/cart/add","POST",275,13.01,42.7,52.9,1,37.2,0,136.95
"ecom_692","/checkout/pay","POST",145,28.11,84.4,56,12,20.6,0,2133.7
"ecom_693","/checkout/pay","POST",227,9.06,77.1,77.4,6,20.7,0,965.42
"ecom_694","/cart/add","POST",188,13.1,63.1,71.6,1,37.5,0,114.27
"ecom_695","/catalog/search","GET",178,13.73,44.8,52,7,26.7,1,76.77
"ecom_696","/inventory/check","GET",194,7.75,61.4,62,2,14,0,111.87
"ecom_697","/catalog/search","GET",198,29.48,76.7,59.8,3,48.9,0,401.15
"ecom_698","/catalog/search","GET",176,5.83,83.5,67.3,5,31.2,1,231.09
"ecom_699","/inventory/check","GET",187,12.97,64.7,51.5,4,35.6,0,149.28
"ecom_700","/catalog/search","GET",69,12.48,88.8,65.9,6,38.5,0,1281.82
"ecom_701","/cart/add","POST",193,29.12,62,62.9,4,39.8,0,174.29
"ecom_702","/cart/add","POST",80,2.95,65.2,54.7,1,29.7,0,97.21
"ecom_703","/cart/add","POST",161,3.27,55.3,70.4,2,32.8,0,123.69
"ecom_704","/catalog/search","GET",203,11.39,43.6,65.6,7,17.1,1,75.42
"ecom_705","/catalog/search","GET",197,17.67,73.3,74.8,5,24.7,0,213.86
"ecom_706","/cart/add","POST",128,7.12,83.6,54.2,2,15.6,0,464.22
"ecom_707","/inventory/check","GET",177,12.45,65,68.5,1,37.8,0,95.43
"ecom_708","/checkout/pay","POST",153,13.72,34.4,62.6,11,30.4,0,489.95
"ecom_709","/cart/add","POST",158,8.26,40.4,63.9,3,40.2,0,136.8
"ecom_710","/inventory/check","GET",156,21.24,58.4,66.1,3,17.8,0,121.88
"ecom_711","/catalog/search","GET",142,14.92,61,77.4,6,24.2,1,53.52
"ecom_712","/inventory/check","GET",201,6,68.8,75.4,4,28.9,0,145.48
"ecom_713","/inventory/check","GET",159,13.41,70.4,60.8,2,34.9,0,111.31
"ecom_714","/inventory/check","GET",184,8.21,61.1,63.7,4,39.5,0,133.93
"ecom_715","/inventory/check","GET",154,5.05,70.6,82.6,2,26.6,0,106.73
"ecom_716","/catalog/search","GET",119,9.98,77.4,49.9,6,26.4,1,149.5
"ecom_717","/checkout/pay","POST",184,2.68,65.7,68.1,12,23.7,0,502.14
"ecom_718","/catalog/search","GET",73,5.6,29.9,82.1,4,40.3,1,48.24
"ecom_719","/catalog/search","GET",163,6.5,46.6,52.7,4,28.8,1,58.73
"ecom_720","/catalog/search","GET",169,2.25,54.4,58.7,6,34.3,0,201.8
"ecom_721","/catalog/search","GET",222,5.47,58.5,59.9,6,38.3,0,221.65
"ecom_722","/catalog/search","GET",182,2.2,54.5,65.5,7,37.2,1,68.72
"ecom_723","/catalog/search","GET",149,5.49,61,64.5,5,31,1,54.94
"ecom_724","/catalog/search","GET",107,2.55,66.7,66.9,5,31.3,1,53.57
"ecom_725","/inventory/check","GET",135,23.3,53.5,71.8,1,42.3,0,90.33
"ecom_726","/inventory/check","GET",119,10.29,65.7,67.9,2,12.3,0,104.21
"ecom_727","/catalog/search","GET",242,22.08,53.4,67.7,7,33.4,0,249.42
"ecom_728","/cart/add","POST",51,20.3,75.1,60.7,2,12.1,0,214.41
"ecom_729","/cart/add","POST",163,4.08,25.9,80.6,1,32.7,0,104.67
"ecom_730","/catalog/search","GET",232,19.03,57.8,64.9,5,34.9,1,63.29
"ecom_731","/checkout/pay","POST",176,14.14,56.5,61,9,20.8,0,458.69
"ecom_732","/cart/add","POST",140,35.45,74.8,70,4,29,0,161.07
"ecom_733","/inventory/check","GET",125,4.11,79.4,78.5,3,35,0,306.18
"ecom_734","/checkout/pay","POST",97,9.45,66.7,75.3,12,27.6,0,470.69
"ecom_735","/inventory/check","GET",177,24.24,64.9,57.9,1,27,0,93.13
"ecom_736","/inventory/check","GET",136,2.48,46.8,57.2,3,32,0,113.76
"ecom_737","/catalog/search","GET",140,12.11,71.7,74.3,5,11.9,1,59.33
"ecom_738","/cart/add","POST",261,11.62,71.4,58.9,4,42.1,0,177.25
"ecom_739","/catalog/search","GET",128,3.79,68.6,69.7,7,24.8,0,220.38
"ecom_740","/cart/add","POST",140,5.5,71.4,73,1,18.2,0,96.97
"ecom_741","/catalog/search","GET",44,11.58,77.3,56.9,7,54.5,1,139.48
"ecom_742","/catalog/search","GET",147,2.39,78.4,52.3,5,20.1,0,482.26
"ecom_743","/cart/add","POST",174,15.41,74.1,76.3,2,33.4,0,131.71
"ecom_744","/checkout/pay","POST",112,15.33,61.7,76.9,11,17.2,0,467.81
"ecom_745","/cart/add","POST",206,2.97,66.4,60,1,31.5,0,113.82
"ecom_746","/checkout/pay","POST",193,17.12,90.3,54.4,10,11,0,3688.41
"ecom_747","/cart/add","POST",87,21.29,76.4,57.7,1,28.4,0,226.82
"ecom_748","/catalog/search","GET",104,33.65,53,52.5,6,25.6,1,62.64
"ecom_749","/inventory/check","GET",189,3.23,31.7,73.9,3,18.1,0,123.22
"ecom_750","/cart/add","POST",147,22.63,70,73.3,4,36.8,0,166.46
"ecom_751","/checkout/pay","POST",184,3.78,40.7,60.2,12,24.7,0,497.67
"ecom_752","/checkout/pay","POST",132,13.9,37.2,79.9,6,12.1,0,406.43
"ecom_753","/checkout/pay","POST",90,2.96,53.1,57.6,12,40.7,0,476.04
"ecom_754","/catalog/search","GET",163,10.7,53.3,58.6,5,17.2,0,205.11
"ecom_755","/catalog/search","GET",88,3.7,59.4,59.5,4,38.7,1,42.07
"ecom_756","/checkout/pay","POST",167,15.39,41.3,49.7,10,43.7,0,471.58
"ecom_757","/catalog/search","GET",211,16.15,53.3,71.2,3,31.6,1,52.75
"ecom_758","/catalog/search","GET",162,23.66,73,74.5,4,23.9,0,183.86
"ecom_759","/checkout/pay","POST",165,4.59,52.7,80.1,11,17.9,0,485
"ecom_760","/catalog/search","GET",172,26.36,85.9,74.4,4,22.7,1,278.34
"ecom_761","/cart/add","POST",113,10.49,55.7,47.9,3,19.1,0,128
"ecom_762","/catalog/search","GET",192,2.99,47.4,69.5,3,33.8,0,163.57
"ecom_763","/catalog/search","GET",235,14.39,55.3,73.1,5,26.8,1,59.89
"ecom_764","/checkout/pay","POST",98,10.6,68.5,49.7,10,33.1,0,449.85
"ecom_765","/cart/add","POST",162,3.68,56,56.9,3,38.2,0,144.96
"ecom_766","/catalog/search","GET",187,7.15,93.6,65,3,36.9,0,1906.56
"ecom_767","/checkout/pay","POST",213,13.87,48.6,57.6,11,20.9,0,494.26
"ecom_768","/checkout/pay","POST",151,40.06,90.1,38.7,8,30.8,0,3389.88
"ecom_769","/inventory/check","GET",199,6.98,62.7,70.3,2,39.5,0,112.01
"ecom_770","/inventory/check","GET",65,3.72,90.4,72.8,3,40.2,0,783.83
"ecom_771","/checkout/pay","POST",198,7.7,73.1,72.1,11,26.7,0,488.4
"ecom_772","/cart/add","POST",176,20.24,47,77.3,2,14.9,0,132
"ecom_773","/inventory/check","GET",148,49.63,74.8,68.9,4,28.9,0,144.47
"ecom_774","/catalog/search","GET",140,8.23,57,44.9,4,46.4,0,173.79
"ecom_775","/catalog/search","GET",177,4.3,69.3,67.9,4,37.6,1,52.44
"ecom_776","/catalog/search","GET",199,21.19,79.4,45.1,6,34,0,607.8
"ecom_777","/checkout/pay","POST",109,6.4,65.9,62,7,37.1,0,416.96
"ecom_778","/inventory/check","GET",137,2.98,52.2,54,4,18.8,0,121.44
"ecom_779","/catalog/search","GET",144,2.51,60.9,76.9,3,39.8,0,163.31
"ecom_780","/inventory/check","GET",163,6.54,50.3,59.8,4,21.9,0,138.67
"ecom_781","/cart/add","POST",185,12.83,67.7,51.1,4,24.1,0,161.42
"ecom_782","/catalog/search","GET",107,18.84,60.2,64.1,5,35.1,0,180.15
"ecom_783","/inventory/check","GET",214,12.91,29.5,81.1,2,26.5,0,104.66
"ecom_784","/catalog/search","GET",166,4.46,78.4,77.9,6,24.9,0,526.73
"ecom_785","/cart/add","POST",144,30.87,45.3,59,2,32.8,0,128.3
"ecom_786","/cart/add","POST",196,8.25,45.6,57.6,4,22.7,0,164.81
"ecom_787","/cart/add","POST",190,4.34,55.5,64.2,2,31.7,0,130.37
"ecom_788","/cart/add","POST",147,9.38,50.5,84.2,1,36.4,0,107.19
"ecom_789","/inventory/check","GET",203,10.32,54.8,38.6,1,41.9,0,95.7
"ecom_790","/catalog/search","GET",150,6.29,34.2,57.7,6,34.1,1,60.92
"ecom_791","/catalog/search","GET",117,4.05,65.8,70.3,6,38.8,1,59.26
"ecom_792","/catalog/search","GET",187,8.69,75.9,51.4,3,36.6,1,107.35
"ecom_793","/catalog/search","GET",157,2.23,63.8,76.5,7,32.7,0,228.81
"ecom_794","/catalog/search","GET",98,23.64,87.5,77.1,3,21.4,1,271.64
"ecom_795","/catalog/search","GET",193,5.23,39.3,72.9,7,39.6,1,69.09
"ecom_796","/cart/add","POST",149,7.22,54,56.2,2,38,0,112.64
"ecom_797","/catalog/search","GET",191,3.69,59.3,65.7,4,24.4,1,50.29
"ecom_798","/cart/add","POST",83,15.89,96.5,65.6,1,41.1,0,1539.26
"ecom_799","/cart/add","POST",147,5.5,74.5,76.1,1,24,0,104.57
"ecom_800","/catalog/search","GET",113,10.76,67,58.4,4,30.3,1,52.3
"ecom_801","/cart/add","POST",113,10.2,76.4,57.6,4,36.1,0,323.34
"ecom_802","/catalog/search","GET",230,3.74,46.3,58.7,3,26.2,1,57.63
"ecom_803","/catalog/search","GET",196,34.75,44.7,58.4,6,25,1,74.06
"ecom_804","/catalog/search","GET",70,5.43,43.6,69.8,7,34.8,0,204.31
"ecom_805","/catalog/search","GET",173,13.94,32.3,72.6,6,28.6,0,212.89
"ecom_806","/catalog/search","GET",87,4.8,59.4,55.7,4,37.2,1,47.12
"ecom_807","/checkout/pay","POST",133,2.17,65.4,69.4,7,29.1,0,417.28
"ecom_808","/checkout/pay","POST",178,5.91,55.9,66.3,7,33.7,0,423.33
"ecom_809","/cart/add","POST",144,13.74,71,85,3,38.9,0,132.95
"ecom_810","/catalog/search","GET",155,14.3,48.6,81.7,5,17.7,1,58.26
"ecom_811","/catalog/search","GET",213,5.88,65.9,59.6,4,33.5,0,189.07
"ecom_812","/inventory/check","GET",201,34.7,39.9,55.3,3,29.4,0,140.1
"ecom_813","/catalog/search","GET",130,41.26,59.8,52.2,7,21.7,1,71.36
"ecom_814","/cart/add","POST",160,2.01,35.7,69.7,1,28.2,0,110.57
"ecom_815","/cart/add","POST",185,16.42,64.6,70.5,3,27.8,0,149.23
"ecom_816","/checkout/pay","POST",113,3.18,75.5,56,9,33.2,0,899.66
"ecom_817","/inventory/check","GET",119,7.34,28.9,47.4,3,21.1,0,115.77
"ecom_818","/catalog/search","GET",90,33.77,53.2,55,6,41.4,0,216.16
"ecom_819","/catalog/search","GET",191,16.16,37.2,63.8,3,23.7,1,48.11
"ecom_820","/cart/add","POST",174,14.94,64,48.2,2,22,0,124.28
"ecom_821","/catalog/search","GET",130,7.55,61.1,71.7,5,31.2,0,183.11
"ecom_822","/cart/add","POST",159,8.39,64.4,56.1,2,19.2,0,125.68
"ecom_823","/cart/add","POST",134,5.73,99,71.6,2,41.5,0,2508.28
"ecom_824","/catalog/search","GET",192,9.12,52.5,65.2,7,33.5,1,66.05
"ecom_825","/catalog/search","GET",155,19.71,44.4,40.8,7,24.7,0,228.63
"ecom_826","/catalog/search","GET",155,4.86,67.5,69.4,7,40.3,0,226.65
"ecom_827","/inventory/check","GET",147,2.46,65.7,53.6,4,32.4,0,132.58
"ecom_828","/cart/add","POST",199,52.4,51.4,56.3,4,31,0,180.24
"ecom_829","/inventory/check","GET",136,14.59,31.3,69.2,4,44.5,0,134.34
"ecom_830","/cart/add","POST",179,16.28,42.4,61.2,1,31.7,0,116.97
"ecom_831","/cart/add","POST",174,20.06,56.2,52,4,26.9,0,163.38
"ecom_832","/inventory/check","GET",204,26.53,48.8,71,4,13,0,154.98
"ecom_833","/checkout/pay","POST",89,3.39,43.4,59.3,6,23.6,0,393.14
"ecom_834","/inventory/check","GET",191,12.99,55.4,78.3,3,29.3,0,123.12
"ecom_835","/catalog/search","GET",135,5.34,60,66,5,35.7,0,187.35
"ecom_836","/catalog/search","GET",127,17.4,48,45.9,4,30.7,0,178.02
"ecom_837","/catalog/search","GET",169,17.28,22.4,71.9,6,16.8,1,54.7
"ecom_838","/catalog/search","GET",101,2.21,56.4,76.3,3,33.9,1,42.23
"ecom_839","/catalog/search","GET",160,7.98,57.7,70.4,7,39.8,0,223.94
"ecom_840","/catalog/search","GET",158,6.74,70.3,60.3,4,44.1,1,54.17
"ecom_841","/catalog/search","GET",99,6.34,27.1,56.7,6,26.9,1,54.25
"ecom_842","/cart/add","POST",147,9.74,57,64.3,4,24.7,0,148.46
"ecom_843","/catalog/search","GET",123,7.41,70.8,70.6,5,25.9,0,185.62
"ecom_844","/checkout/pay","POST",156,18.79,49.8,63.6,12,26.1,0,498.96
"ecom_845","/checkout/pay","POST",118,13.85,72.4,56.4,6,41.1,0,400.94
"ecom_846","/inventory/check","GET",125,9.58,21.2,68.3,1,41.6,0,89.94
"ecom_847","/inventory/check","GET",151,11.86,73,78.7,3,36.8,0,116.46
"ecom_848","/catalog/search","GET",83,5.88,49.9,72.4,5,15.3,1,54.66
"ecom_849","/catalog/search","GET",171,45.92,54.4,63.3,5,37.4,0,217.65
"ecom_850","/cart/add","POST",127,17.16,55.6,64.9,3,28.4,0,128.86
"ecom_851","/cart/add","POST",187,3.1,66.5,77.6,3,20.4,0,145.07
"ecom_852","/cart/add","POST",75,15.44,79.1,53.4,3,32.8,0,333.72
"ecom_853","/cart/add","POST",122,7.82,70.4,64.7,3,24.5,0,122.76
"ecom_854","/catalog/search","GET",154,11.45,68.6,52.5,4,26.5,0,177.82
"ecom_855","/inventory/check","GET",205,22.11,60,60.3,4,25.3,0,146.98
"ecom_856","/catalog/search","GET",137,6.26,72.9,83.7,3,21.4,1,47.34
"ecom_857","/catalog/search","GET",174,34.93,70,67.3,4,26.1,0,198.26
"ecom_858","/catalog/search","GET",180,9.12,49.4,62.9,5,38.5,0,197.33
"ecom_859","/catalog/search","GET",176,3.51,58.4,58.5,7,29.9,1,61.99
"ecom_860","/catalog/search","GET",169,12.43,57.6,67.4,3,44.1,1,39.19
"ecom_861","/catalog/search","GET",211,4.35,44.2,68.4,6,34.5,1,70.97
"ecom_862","/catalog/search","GET",238,7.88,61.7,61.2,4,26.6,1,57.84
"ecom_863","/checkout/pay","POST",180,17.77,55.7,61.3,12,34.2,0,505.24
"ecom_864","/catalog/search","GET",192,44.8,58,54.6,3,39.1,0,180.98
"ecom_865","/cart/add","POST",159,16.09,58.2,69.9,1,42.3,0,109.99
"ecom_866","/checkout/pay","POST",144,34.12,77.7,79.2,8,33.5,0,1051.75
"ecom_867","/cart/add","POST",164,3.99,44.3,72.8,3,32.3,0,143.64
"ecom_868","/checkout/pay","POST",229,3.74,57.5,75.6,11,22.6,0,489.64
"ecom_869","/checkout/pay","POST",152,6.9,71.2,65,11,31.8,0,477.21
"ecom_870","/cart/add","POST",173,6.97,94.1,72.5,3,29.7,0,1697.33
"ecom_871","/catalog/search","GET",64,12.39,32.9,76.7,5,42.9,0,175.02
"ecom_872","/inventory/check","GET",229,13.66,51.3,61.3,2,27.8,0,124.29
"ecom_873","/inventory/check","GET",179,14.83,80.9,71.7,4,40.8,0,440.55
"ecom_874","/inventory/check","GET",187,3.57,56,72.5,2,24.2,0,110.77
"ecom_875","/catalog/search","GET",132,24.4,42.4,81.7,4,28.6,1,58.61
"ecom_876","/catalog/search","GET",188,20.78,39.6,71.7,3,36.3,0,167.5
"ecom_877","/cart/add","POST",108,15.42,59.3,59.5,2,30.5,0,120.08
"ecom_878","/checkout/pay","POST",175,6.91,63.7,51.4,11,18.7,0,474.03
"ecom_879","/cart/add","POST",147,10.54,62.6,68,1,32.2,0,112.4
"ecom_880","/catalog/search","GET",206,4.57,69.4,66.7,7,33.4,1,72.66
"ecom_881","/checkout/pay","POST",176,27.99,54.1,65.5,8,21.9,0,446.45
"ecom_882","/inventory/check","GET",155,8.8,38.7,69.7,4,35.5,0,143.63
"ecom_883","/cart/add","POST",131,14.21,57.8,56.3,4,28.7,0,149.24
"ecom_884","/cart/add","POST",94,12.36,72.2,58.8,3,33.7,0,125.89
"ecom_885","/cart/add","POST",140,5.13,57.5,54,4,19.8,0,145.61
"ecom_886","/checkout/pay","POST",160,4.43,64.5,42.8,7,38.1,0,414.72
"ecom_887","/cart/add","POST",185,17.87,60.7,65.5,4,28.9,0,161.66
"ecom_888","/cart/add","POST",217,5.27,59.5,56.3,3,37.7,0,156.21
"ecom_889","/cart/add","POST",106,4.99,93,68.6,1,21,0,1026.32
"ecom_890","/inventory/check","GET",152,3.67,75.3,71.1,4,43.6,0,263.06
"ecom_891","/checkout/pay","POST",89,19.45,40.8,59.3,10,33.4,0,459.6
"ecom_892","/cart/add","POST",235,5.63,65.9,63.1,4,24.5,0,167.05
"ecom_893","/inventory/check","GET",44,10.81,55.4,56.8,3,23.9,0,100.31
"ecom_894","/checkout/pay","POST",135,3.56,79.2,57.8,6,33.5,0,1068.04
"ecom_895","/catalog/search","GET",121,2.18,61.1,63,5,36.2,0,178.12
"ecom_896","/cart/add","POST",139,12.92,19.4,51.7,1,28.3,0,109.1
"ecom_897","/catalog/search","GET",137,4.44,46.7,77.7,5,22.3,1,59.35
"ecom_898","/cart/add","POST",117,24.28,66.6,45.1,2,27.6,0,114.6
"ecom_899","/cart/add","POST",154,3.93,61,70.1,2,38.1,0,123
"ecom_900","/catalog/search","GET",185,11.52,35.4,60.3,7,33.4,1,73.01
"ecom_901","/catalog/search","GET",152,7.62,36.3,75.3,5,37.5,0,192.72
"ecom_902","/catalog/search","GET",173,19.04,39.8,61,3,33.7,1,55.46
"ecom_903","/catalog/search","GET",125,9.54,54.3,46.1,7,37.3,1,62.56
"ecom_904","/inventory/check","GET",173,3.44,82.3,70.4,2,28.3,0,366.77
"ecom_905","/catalog/search","GET",157,7.65,95.2,66.2,7,24.1,1,908.94
"ecom_906","/checkout/pay","POST",19,9.25,44.7,51.6,9,37.5,0,419.93
"ecom_907","/cart/add","POST",56,9.24,45.3,51,4,31.9,0,137.71
"ecom_908","/checkout/pay","POST",70,30.13,74.5,72.6,9,30.9,0,446.26
"ecom_909","/catalog/search","GET",189,7.18,42.7,74.1,5,29.8,0,196.1
"ecom_910","/cart/add","POST",159,20.55,81.8,84.5,3,35.2,0,488.36
"ecom_911","/cart/add","POST",199,5.84,37.3,56.6,3,41.5,0,142.99
"ecom_912","/cart/add","POST",120,16.18,85.1,71.2,4,37.8,0,685.92
"ecom_913","/cart/add","POST",182,28.03,94,74.7,1,29.9,0,1438.45
"ecom_914","/checkout/pay","POST",213,4.31,63.9,65.7,8,37.1,0,452.12
"ecom_915","/catalog/search","GET",94,21.86,82.2,74.7,7,31.8,1,225.68
"ecom_916","/cart/add","POST",104,5.03,65.7,77.2,3,22.5,0,128.29
"ecom_917","/catalog/search","GET",87,8.61,58.5,66.2,4,19.1,1,51.58
"ecom_918","/cart/add","POST",105,6.01,48.8,50.9,3,33.5,0,137.09
"ecom_919","/cart/add","POST",217,2.05,41.9,55,3,36.4,0,152.21
"ecom_920","/inventory/check","GET",70,18.13,33.4,59.4,2,32.4,0,92.2
"ecom_921","/catalog/search","GET",165,7.13,72.6,70.1,4,27,0,178.96
"ecom_922","/catalog/search","GET",67,18.68,64,73.6,6,48.7,1,50.92
"ecom_923","/catalog/search","GET",166,9.37,58.7,53.7,3,17.9,0,169.22
"ecom_924","/cart/add","POST",103,6.34,80.3,55,2,36.1,0,328.54
"ecom_925","/cart/add","POST",150,13.14,49.6,41.1,3,42,0,138.55
"ecom_926","/cart/add","POST",156,4.01,86.9,53.7,4,21.1,0,829.42
"ecom_927","/checkout/pay","POST",198,12.61,78,80.5,12,22.6,0,1234.38
"ecom_928","/catalog/search","GET",108,3.48,46.1,88.7,6,29.5,0,198.38
"ecom_929","/catalog/search","GET",147,8.94,53.6,61.1,7,33.5,0,224.17
"ecom_930","/catalog/search","GET",126,13.24,64.8,42.2,7,26.6,1,66.3
"ecom_931","/catalog/search","GET",141,2.12,94.3,66.1,7,28.6,0,2662.59
"ecom_932","/catalog/search","GET",153,26.22,98.4,72.8,4,39.3,1,1086.69
"ecom_933","/cart/add","POST",51,18.21,60.4,63.2,1,29,0,96.92
"ecom_934","/catalog/search","GET",154,16.95,48.8,75.5,6,36,1,69.88
"ecom_935","/catalog/search","GET",214,28.22,67.3,67.5,7,38,0,249.63
"ecom_936","/catalog/search","GET",160,31.57,54,69.4,5,21.4,0,203.46
"ecom_937","/catalog/search","GET",184,3.45,95.6,49.4,3,31.8,1,709.99
"ecom_938","/catalog/search","GET",107,6.39,55.9,69,3,39.9,1,39.59
"ecom_939","/checkout/pay","POST",104,2.53,60.1,73.5,10,43.7,0,443.1
"ecom_940","/checkout/pay","POST",68,28.6,50.9,69,9,26.8,0,444.01
"ecom_941","/checkout/pay","POST",67,11.84,59.4,72.2,12,24.1,0,489.72
"ecom_942","/checkout/pay","POST",177,2.23,76.5,73.7,7,42.5,0,929.69
"ecom_943","/catalog/search","GET",97,4.81,62.9,52.1,4,37.1,1,46.56
"ecom_944","/cart/add","POST",168,9.02,45.1,71.3,4,35.2,0,157.62
"ecom_945","/inventory/check","GET",177,7,68.8,73.2,1,33.1,0,94.01
"ecom_946","/cart/add","POST",103,5.59,69.6,63.5,3,22.4,0,128.56
"ecom_947","/inventory/check","GET",117,30.84,47,45.9,4,28.1,0,123.16
"ecom_948","/cart/add","POST",99,2.35,62.9,76.1,3,24.3,0,129.87
"ecom_949","/cart/add","POST",108,17.95,59.3,75.9,2,13.4,0,122.99
"ecom_950","/cart/add","POST",162,36.55,58.8,66.2,1,41.4,0,120.25
"ecom_951","/cart/add","POST",148,4.36,64.8,70.3,4,30.3,0,150.26
"ecom_952","/checkout/pay","POST",214,13.97,61.9,64.4,7,30.8,0,428.24
"ecom_953","/checkout/pay","POST",178,6.58,59.4,73.1,12,35.8,0,491.15
"ecom_954","/checkout/pay","POST",205,8.24,53.5,55,8,44.2,0,453.08
"ecom_955","/catalog/search","GET",125,51.93,61.8,57.2,6,37.5,1,73.12
"ecom_956","/cart/add","POST",179,44.55,60.8,66.5,1,29.5,0,120.28
"ecom_957","/catalog/search","GET",121,6.77,72.5,67.7,4,14.4,0,175.47
"ecom_958","/cart/add","POST",101,9.39,67.5,73.5,4,26.2,0,148.88
"ecom_959","/catalog/search","GET",165,15.45,44.1,65.6,5,10.1,0,191.42
"ecom_960","/catalog/search","GET",90,8.18,77.4,84.7,4,23.9,1,122.19
"ecom_961","/checkout/pay","POST",133,9.39,66.8,45.2,8,31.5,0,432.05
"ecom_962","/catalog/search","GET",176,2.36,47.5,61.9,5,21.8,1,63.48
"ecom_963","/checkout/pay","POST",140,30.75,64.8,68.9,10,16.7,0,464.76
"ecom_964","/inventory/check","GET",172,8.33,67.6,83.8,1,24.7,0,95.76
"ecom_965","/inventory/check","GET",86,3.52,51.3,41.2,2,26.2,0,88.01
"ecom_966","/cart/add","POST",193,30.32,50.5,87.7,2,32.1,0,133.48
"ecom_967","/inventory/check","GET",182,10.94,52.6,76.7,1,29.9,0,90.2
"ecom_968","/inventory/check","GET",147,14.29,90.1,71.2,2,31.2,0,798.39
"ecom_969","/cart/add","POST",105,30.14,50.8,69.4,4,20.7,0,151.51
"ecom_970","/inventory/check","GET",143,16.81,70.6,63.6,4,35.7,0,136.74
"ecom_971","/checkout/pay","POST",144,3.65,61.5,81.5,8,39.8,0,425.33
"ecom_972","/catalog/search","GET",136,10.71,34.9,71.4,4,48,1,55.16
"ecom_973","/catalog/search","GET",86,11.02,44.6,62.2,4,34.4,1,44.24
"ecom_974","/catalog/search","GET",193,16.4,60.3,54.6,4,35.1,1,61.65
"ecom_975","/cart/add","POST",169,19.59,70.2,70.5,3,30,0,145.18
"ecom_976","/inventory/check","GET",172,2.33,94.3,62.5,2,27.6,0,1283.36
"ecom_977","/catalog/search","GET",108,4.64,49.4,66.7,3,34.6,1,42.25
"ecom_978","/cart/add","POST",166,8.99,56.3,70.8,1,22.6,0,116.13
"ecom_979","/inventory/check","GET",139,13.35,71.4,59.3,4,28.8,0,126.91
"ecom_980","/cart/add","POST",132,6.93,76.8,78,4,30.4,0,335.95
"ecom_981","/cart/add","POST",150,5.38,54.6,45.1,2,38.3,0,130.62
"ecom_982","/catalog/search","GET",80,3.67,70.3,58.6,4,20.6,0,162.98
"ecom_983","/catalog/search","GET",103,4.51,78,80.5,3,29,0,381.73
"ecom_984","/inventory/check","GET",187,19.6,78.2,68.9,3,42.1,0,325.13
"ecom_985","/catalog/search","GET",120,7.88,67.7,72.6,3,15,0,155.79
"ecom_986","/cart/add","POST",146,34.44,66.1,72.9,4,51.6,0,161.71
"ecom_987","/catalog/search","GET",156,6.63,37.3,68.8,5,22,0,194.15
"ecom_988","/cart/add","POST",175,9.55,88.1,89.3,2,31.6,0,789.43
"ecom_989","/catalog/search","GET",117,2,39.1,71.3,4,41.3,1,47.49
"ecom_990","/inventory/check","GET",156,21.03,52.9,77.2,4,26.5,0,138.13
"ecom_991","/catalog/search","GET",135,21.03,59.9,63.6,6,51.4,0,208.18
"ecom_992","/checkout/pay","POST",204,9.26,20,79.1,6,45.4,0,409.93
"ecom_993","/cart/add","POST",136,17.77,67.3,81.7,3,26.8,0,139.59
"ecom_994","/catalog/search","GET",151,2.56,40.2,78.5,3,24.2,1,45.1
"ecom_995","/catalog/search","GET",80,12.62,63.2,68.1,4,27.6,1,54.16
"ecom_996","/inventory/check","GET",154,22.04,43.9,67.6,2,21.6,0,110.13
"ecom_997","/cart/add","POST",79,16.61,69.4,50.9,2,30.6,0,105.76
"ecom_998","/cart/add","POST",204,10.44,32.7,73.3,1,25.9,0,113.19
"ecom_999","/catalog/search","GET",192,15.53,76.6,60.5,5,45.4,0,461.8
"ecom_1000","/catalog/search","GET",196,13.92,48.7,44.7,3,37.4,0,169.91
"ecom_1001","/catalog/search","GET",114,3.76,81.9,66.2,3,34.4,0,524.72
"ecom_1002","/cart/add","POST",105,14.09,60.4,66.8,3,37.1,0,130.31
"ecom_1003","/catalog/search","GET",220,13,91.8,62.6,5,20.8,1,573.55
"ecom_1004","/cart/add","POST",129,6.59,47.3,67.2,3,29.2,0,142.28
"ecom_1005","/cart/add","POST",57,7.07,44.1,60.4,3,27.3,0,121.57
"ecom_1006","/inventory/check","GET",127,4.1,59.9,46.3,4,35.3,0,130.08
"ecom_1007","/catalog/search","GET",154,29.96,67.8,60.5,5,22.3,1,70.03
"ecom_1008","/inventory/check","GET",146,14.49,67.3,61.5,4,26.7,0,121.09
"ecom_1009","/cart/add","POST",184,7.87,37.4,72.1,4,26.3,0,155.22
"ecom_1010","/cart/add","POST",89,46.75,69.5,63.4,4,11,0,155.25
"ecom_1011","/cart/add","POST",111,25.4,51.1,56,1,16.7,0,107.08
"ecom_1012","/catalog/search","GET",154,5.18,47.9,59,3,27.3,0,158.93
"ecom_1013","/checkout/pay","POST",215,5.53,58,59.3,10,34.3,0,474.3
"ecom_1014","/catalog/search","GET",165,5.56,87.9,62.7,3,25.5,1,301.63
"ecom_1015","/catalog/search","GET",127,15.3,55.4,60,4,31,0,169.51
"ecom_1016","/cart/add","POST",155,11.7,43.7,83.7,4,15.7,0,165.63
"ecom_1017","/cart/add","POST",169,20.82,67.3,71.3,2,36.5,0,135.01
"ecom_1018","/cart/add","POST",131,11.23,49.6,67.1,2,29.7,0,114.72
"ecom_1019","/cart/add","POST",185,19.37,71.9,79.6,2,33,0,130.59
"ecom_1020","/cart/add","POST",185,13.11,63.8,66.9,4,46.1,0,169.98
"ecom_1021","/inventory/check","GET",205,17.77,55.2,74.1,1,36.8,0,92.69
"ecom_1022","/inventory/check","GET",125,6.01,64.2,73,1,32.2,0,73.8
"ecom_1023","/cart/add","POST",161,10.37,60.2,68.5,2,39.1,0,134.54
"ecom_1024","/cart/add","POST",94,12.24,35.3,63.4,4,21.7,0,145.11
"ecom_1025","/cart/add","POST",255,15.18,73.5,52.9,2,35.4,0,157.19
"ecom_1026","/inventory/check","GET",109,12.43,72.1,82.3,2,46.5,0,102.21
"ecom_1027","/cart/add","POST",186,8.7,61,52.1,3,25.5,0,137.6
"ecom_1028","/cart/add","POST",139,2.66,59.9,83.1,3,28.3,0,132.53
"ecom_1029","/cart/add","POST",135,4.69,45.2,65.2,1,14.8,0,107.91
"ecom_1030","/checkout/pay","POST",121,2.99,56.5,57.7,10,28.2,0,449.8
"ecom_1031","/checkout/pay","POST",160,17.23,56.8,63,7,24.6,0,428.76
"ecom_1032","/cart/add","POST",186,9.09,39.9,83,3,29.3,0,143.85
"ecom_1033","/catalog/search","GET",128,4.59,74.4,46.1,7,37.5,1,66.96
"ecom_1034","/catalog/search","GET",75,17.08,59.5,56,6,32.6,0,201.78
"ecom_1035","/catalog/search","GET",146,15.64,49.6,61.4,7,33.7,0,226.63
"ecom_1036","/catalog/search","GET",117,9.32,47.5,67,6,38.4,1,56.31
"ecom_1037","/catalog/search","GET",162,12.99,58.8,73.2,7,37,1,60.8
"ecom_1038","/checkout/pay","POST",152,9.24,72.6,75.7,9,33.1,0,446.51
"ecom_1039","/cart/add","POST",104,42.04,55.6,65.8,4,25.3,0,156.61
"ecom_1040","/catalog/search","GET",103,19.49,47.6,72.3,6,45,1,58.07
"ecom_1041","/catalog/search","GET",154,4.57,57.6,79.7,5,34.5,1,62.45
"ecom_1042","/checkout/pay","POST",219,15.54,35.1,57.4,11,38.6,0,489.01
"ecom_1043","/cart/add","POST",210,8.28,50,75.9,4,15.8,0,163.75
"ecom_1044","/cart/add","POST",118,13.98,92.5,73.5,3,29.9,0,1324.74
"ecom_1045","/cart/add","POST",103,8.16,52.5,66.8,3,30.1,0,133.94
"ecom_1046","/checkout/pay","POST",135,16.37,69.8,69.1,9,35.7,0,444.35
"ecom_1047","/inventory/check","GET",118,6.93,78.6,64,2,38,0,247.76
"ecom_1048","/cart/add","POST",88,9.31,55.6,64.1,3,23.7,0,129.71
"ecom_1049","/inventory/check","GET",127,9.24,59,64.5,3,37.3,0,111.28
"ecom_1050","/inventory/check","GET",173,4.18,55.1,57,3,35.5,0,125.39
"ecom_1051","/cart/add","POST",74,3.33,37.7,78.5,3,30.8,0,123.18
"ecom_1052","/inventory/check","GET",161,8.25,72.2,44.6,4,20.9,0,143.16
"ecom_1053","/checkout/pay","POST",150,46.21,60.1,63.5,6,41.4,0,427.41
"ecom_1054","/catalog/search","GET",67,10.55,44.7,73.5,3,45.9,1,45.96
"ecom_1055","/checkout/pay","POST",172,25.63,64.6,69.1,10,23.5,0,475.76
"ecom_1056","/cart/add","POST",113,13.92,61.5,69.2,4,29.7,0,140.37
"ecom_1057","/inventory/check","GET",67,21.78,63.2,51.4,3,30.4,0,95.68
"ecom_1058","/cart/add","POST",193,27.45,69.7,69.2,3,30.1,0,148.85
"ecom_1059","/catalog/search","GET",117,18.09,68.7,72.9,5,37.7,0,194.52
"ecom_1060","/catalog/search","GET",236,11.97,69.6,71,6,25.8,1,64.24
"ecom_1061","/inventory/check","GET",126,5.81,67.6,68.2,4,29.6,0,136.94
"ecom_1062","/cart/add","POST",122,30.99,64,74.6,3,37,0,146.23
"ecom_1063","/catalog/search","GET",196,5.32,50.2,67.9,3,34.4,1,55.07
"ecom_1064","/cart/add","POST",159,12.29,44.6,60.5,3,33.5,0,140.68
"ecom_1065","/inventory/check","GET",153,25.58,38.9,62.2,2,20.3,0,112.44
"ecom_1066","/cart/add","POST",153,13.52,28.7,67.2,2,49.7,0,128.52
"ecom_1067","/catalog/search","GET",165,6.63,50.7,44.4,6,20.2,1,59.91
"ecom_1068","/catalog/search","GET",107,6.02,81.3,81.4,7,25.1,0,675.35
"ecom_1069","/cart/add","POST",137,5.87,54.2,70.3,3,22.3,0,136.51
"ecom_1070","/cart/add","POST",162,29.61,41.8,50.7,3,29.4,0,141.35
"ecom_1071","/catalog/search","GET",158,2.6,53.3,68.1,6,33.9,1,55.75
"ecom_1072","/inventory/check","GET",135,2.69,78.7,56,1,15.8,0,215.99
"ecom_1073","/cart/add","POST",149,4.22,46.5,65.8,3,24.5,0,138.22
"ecom_1074","/cart/add","POST",109,11.71,76.6,59.3,3,52.6,0,292.62
"ecom_1075","/inventory/check","GET",157,17.61,72,59.7,4,42.1,0,127.26
"ecom_1076","/checkout/pay","POST",229,8.58,44.2,76.3,11,26.6,0,489.9
"ecom_1077","/catalog/search","GET",147,13.46,43.4,62.6,4,27.1,0,174
"ecom_1078","/catalog/search","GET",146,3.96,74.7,60.7,4,44.2,1,58.29
"ecom_1079","/checkout/pay","POST",160,14.78,28.3,74.2,10,16.6,0,464.75
"ecom_1080","/checkout/pay","POST",172,11.81,80.5,79,7,46.1,0,1262.44
"ecom_1081","/checkout/pay","POST",69,28.62,75,65.9,9,20.3,0,444.02
"ecom_1082","/catalog/search","GET",90,3.52,76.3,65.5,3,41.6,1,104.58
"ecom_1083","/catalog/search","GET",91,3.32,61.9,62.4,5,24.7,0,184.72
"ecom_1084","/catalog/search","GET",177,7.77,64.8,55,4,37.5,1,55.15
"ecom_1085","/cart/add","POST",196,8.18,58.9,76.5,1,24.4,0,117.1
"ecom_1086","/cart/add","POST",199,10.63,80.9,67.9,4,33,0,506.46
"ecom_1087","/catalog/search","GET",164,4.42,68.6,61.8,7,28.6,0,222.43
"ecom_1088","/checkout/pay","POST",55,29.22,55.4,49.3,10,32.1,0,452.11
"ecom_1089","/inventory/check","GET",150,4.26,64.8,76,3,27.5,0,115.37
"ecom_1090","/catalog/search","GET",104,20.1,39.3,61.6,6,44.8,1,56.17
"ecom_1091","/inventory/check","GET",190,9.05,66.3,45.5,3,38.1,0,123.87
"ecom_1092","/catalog/search","GET",207,13.7,55.2,66.5,6,16.6,1,62.97
"ecom_1093","/cart/add","POST",155,5.45,31.7,61.5,3,22.1,0,141
"ecom_1094","/cart/add","POST",100,9.35,55.4,48.7,2,38.5,0,111.75
"ecom_1095","/catalog/search","GET",120,7.47,45.3,59.5,6,33.1,1,56.02
"ecom_1096","/catalog/search","GET",114,8.64,62.7,67.3,4,29.6,1,55.17
"ecom_1097","/checkout/pay","POST",205,3.06,65.3,66.4,8,48.1,0,440.36
"ecom_1098","/catalog/search","GET",143,10.89,60,55.8,4,37.5,1,55.7
"ecom_1099","/catalog/search","GET",181,28.89,51.6,71.5,4,31.8,1,65.91
"ecom_1100","/inventory/check","GET",195,7.01,82.9,49.9,4,20,0,521.08
"ecom_1101","/catalog/search","GET",173,35.37,51.7,62.9,3,34.7,1,55.92
"ecom_1102","/catalog/search","GET",133,2.49,65.2,52.7,4,18.9,1,49.98
"ecom_1103","/cart/add","POST",124,19.53,47,55.1,3,35.8,0,140.64
"ecom_1104","/checkout/pay","POST",153,4.59,59.9,69.3,7,29.5,0,416.07
"ecom_1105","/checkout/pay","POST",228,4.71,72.1,45.8,9,35.8,0,460.11
"ecom_1106","/catalog/search","GET",112,17.96,64.1,59.1,4,34,1,48.09
"ecom_1107","/cart/add","POST",243,13.49,97.8,55.5,2,34.7,0,2636.63
"ecom_1108","/inventory/check","GET",150,6.41,64.1,79,2,30.5,0,98.46
"ecom_1109","/cart/add","POST",104,18.61,32.9,59.1,2,24.2,0,116.5
"ecom_1110","/checkout/pay","POST",138,12.18,41.6,93.4,7,24.7,0,422.54
"ecom_1111","/cart/add","POST",145,4.72,85.6,75.4,4,33.8,0,723.94
"ecom_1112","/cart/add","POST",184,5.6,24.7,57.8,1,37.1,0,116.06
"ecom_1113","/inventory/check","GET",165,12.3,41.6,53.7,4,34.2,0,135.7
"ecom_1114","/checkout/pay","POST",140,6.51,52.3,57.4,10,30.4,0,469.53
"ecom_1115","/catalog/search","GET",145,6.13,81.3,50.5,7,30.3,1,206.47
"ecom_1116","/catalog/search","GET",157,7.66,45.5,60.4,3,23.6,1,49.49
"ecom_1117","/cart/add","POST",182,23.42,68.8,70.4,1,33.8,0,108.16
"ecom_1118","/inventory/check","GET",229,8.91,71.9,70.2,4,35.8,0,154.47
"ecom_1119","/catalog/search","GET",124,18.38,61,67.5,7,30.6,0,210.75
"ecom_1120","/catalog/search","GET",167,15.62,61.3,70.3,3,25.5,1,47.48
"ecom_1121","/catalog/search","GET",172,6.63,48.9,55.3,6,43.4,0,214.33
"ecom_1122","/catalog/search","GET",126,8.53,48.3,73.5,4,21.5,0,161.49
"ecom_1123","/checkout/pay","POST",206,9.06,56.1,75.3,6,38.6,0,419.17
"ecom_1124","/checkout/pay","POST",135,16.85,27.8,55.9,12,27.4,0,501.27
"ecom_1125","/inventory/check","GET",163,15.29,74.7,68.7,4,31.4,0,143.98
"ecom_1126","/cart/add","POST",186,13.61,44.8,69,3,28.7,0,142.56
"ecom_1127","/cart/add","POST",200,7.65,93.8,66.1,1,25.9,0,1347.04
"ecom_1128","/catalog/search","GET",211,20.06,65.3,53.6,4,15.2,0,201.55
"ecom_1129","/checkout/pay","POST",168,3.34,77,64.9,9,36.8,0,1032.63
"ecom_1130","/inventory/check","GET",163,2.75,59.7,64.8,4,38.5,0,122.4
"ecom_1131","/cart/add","POST",58,4.97,83.9,74.9,1,36.2,0,363.94
"ecom_1132","/cart/add","POST",217,8.81,57.8,74,1,25.6,0,130.51
"ecom_1133","/cart/add","POST",193,9.91,51.6,38.9,2,29.2,0,133.04
"ecom_1134","/cart/add","POST",192,6.23,81.4,48.4,2,29.4,0,420.81
"ecom_1135","/catalog/search","GET",157,5.51,57.6,67.5,4,28.8,0,175.7
"ecom_1136","/catalog/search","GET",154,2.5,75.8,54.1,3,20.8,1,93.3
"ecom_1137","/inventory/check","GET",158,10.18,56.1,69.9,4,29.7,0,135.82
"ecom_1138","/checkout/pay","POST",118,16.99,69.4,65.3,9,37.4,0,446.14
"ecom_1139","/inventory/check","GET",201,19.13,71.2,53.7,3,28.6,0,123.66
"ecom_1140","/inventory/check","GET",194,3.09,56.4,44.3,1,35.3,0,102.4
"ecom_1141","/catalog/search","GET",139,15.39,57.7,67.5,3,24.6,1,42.38
"ecom_1142","/checkout/pay","POST",135,5.83,52.1,48.8,8,23.2,0,425.77
"ecom_1143","/inventory/check","GET",142,9.9,61.2,58.8,1,32.8,0,97.97
"ecom_1144","/catalog/search","GET",206,15.71,54.6,68,5,33,1,54.68
"ecom_1145","/cart/add","POST",137,2.97,75.3,51.1,1,36.5,0,209.76
"ecom_1146","/checkout/pay","POST",145,14.33,49.6,78.3,7,33.3,0,420.3
"ecom_1147","/cart/add","POST",116,24.75,31.1,50.8,1,29.3,0,106.13
"ecom_1148","/catalog/search","GET",134,17.96,56.2,65.9,5,26.1,1,58.84
"ecom_1149","/checkout/pay","POST",195,13.02,65.9,58,7,22,0,429.22
"ecom_1150","/inventory/check","GET",136,8.43,64.5,58.6,4,36.9,0,130.78
"ecom_1151","/catalog/search","GET",153,6.63,31.9,69.1,7,27.6,1,66.57
"ecom_1152","/catalog/search","GET",191,2.65,58,52.7,3,13.9,1,47.33
"ecom_1153","/cart/add","POST",102,2.68,44.6,64.8,3,25.3,0,121.16
"ecom_1154","/cart/add","POST",117,14.94,46.6,58.4,1,24.2,0,97.25
"ecom_1155","/cart/add","POST",199,8.44,52.6,66.7,4,37.5,0,172.48
"ecom_1156","/catalog/search","GET",173,5.94,62.8,62.5,5,31.7,0,201.65
"ecom_1157","/catalog/search","GET",186,8.24,43.7,50.3,3,17.5,0,167.59
"ecom_1158","/catalog/search","GET",250,6.64,55.9,54.3,6,45.9,1,67.87
"ecom_1159","/checkout/pay","POST",178,4.36,74.9,59.9,10,35.1,0,469.47
"ecom_1160","/catalog/search","GET",142,5.43,54.6,59.9,7,24.4,0,215.94
"ecom_1161","/catalog/search","GET",126,9.4,38.4,70,7,27.5,0,222.78
"ecom_1162","/catalog/search","GET",146,2.08,55.7,62.7,3,29.7,1,45.57
"ecom_1163","/catalog/search","GET",187,9.05,31.9,61.8,6,26.9,1,66.01
"ecom_1164","/checkout/pay","POST",172,4.9,88.1,62.5,6,21.8,0,2502.51
"ecom_1165","/cart/add","POST",130,2.52,33.4,64.5,4,33.8,0,143.18
"ecom_1166","/catalog/search","GET",166,3.63,74.8,67.2,7,46.4,0,214.61
"ecom_1167","/cart/add","POST",87,4.69,92.5,71,2,26.9,0,1086.3
"ecom_1168","/checkout/pay","POST",140,13.6,59.7,76.5,10,26.8,0,466.39
"ecom_1169","/cart/add","POST",145,7.28,71.5,63.9,1,39.5,0,103.9
"ecom_1170","/inventory/check","GET",189,41.22,63.9,67.6,4,30,0,151.37
"ecom_1171","/catalog/search","GET",63,3.44,60.2,73.1,3,14.2,1,32.62
"ecom_1172","/checkout/pay","POST",168,8.58,55.7,51.1,9,43.6,0,441.73
"ecom_1173","/cart/add","POST",138,5.29,56.3,61.7,2,33.3,0,114.23
"ecom_1174","/cart/add","POST",79,24.8,69.9,83.2,2,32.3,0,117.9
"ecom_1175","/checkout/pay","POST",137,34.08,37.1,62.6,8,24.7,0,438.04
"ecom_1176","/checkout/pay","POST",165,10.56,62.6,64.2,8,23.3,0,440.77
"ecom_1177","/checkout/pay","POST",105,19.35,49.7,82.1,11,31.5,0,468.63
"ecom_1178","/checkout/pay","POST",194,10.57,62.9,74,11,24.4,0,485.88
"ecom_1179","/catalog/search","GET",130,9.33,99,53.6,3,31.5,0,3361.43
"ecom_1180","/catalog/search","GET",150,5.04,26.6,88.9,7,32.5,0,230.52
"ecom_1181","/cart/add","POST",121,9.19,33.4,68.7,4,26.8,0,152.9
"ecom_1182","/catalog/search","GET",116,12.96,59.6,59.4,5,27.6,1,56.15
"ecom_1183","/checkout/pay","POST",148,11.69,61.1,57.1,7,39.4,0,422.43
"ecom_1184","/checkout/pay","POST",108,10.6,64.9,88.9,11,23.4,0,473.96
"ecom_1185","/catalog/search","GET",157,2.39,48.5,74.2,6,14.4,0,209.24
"ecom_1186","/cart/add","POST",174,12.74,65.6,59.4,4,38.9,0,154.51
"ecom_1187","/cart/add","POST",144,20.34,54.8,73.1,3,29,0,139.95
"ecom_1188","/catalog/search","GET",218,3.59,56.6,57.5,4,17.4,0,189.74
"ecom_1189","/catalog/search","GET",165,10.11,63.3,54.4,5,24.1,0,197.66
"ecom_1190","/cart/add","POST",90,3.34,73.6,72,4,36.7,0,133.63
"ecom_1191","/cart/add","POST",120,2.11,65.9,58.4,1,39.4,0,95.32
"ecom_1192","/catalog/search","GET",62,28.66,74.6,53.5,6,35.8,0,190.65
"ecom_1193","/catalog/search","GET",183,3.15,62.4,65.7,6,39.8,0,214.27
"ecom_1194","/checkout/pay","POST",146,31.42,59.3,60.3,11,30,0,492.01
"ecom_1195","/cart/add","POST",140,29.34,51.6,67.8,2,24.5,0,120.26
"ecom_1196","/checkout/pay","POST",84,8.48,67.4,60.7,6,39.4,0,381.1
"ecom_1197","/inventory/check","GET",122,6.62,55.2,54.9,2,38.1,0,96.83
"ecom_1198","/cart/add","POST",194,12.57,67.3,67.8,4,16.7,0,168.96
"ecom_1199","/inventory/check","GET",159,4.58,32,69.8,1,24.2,0,85.86
"ecom_1200","/checkout/pay","POST",111,11.05,48.2,72.4,10,31.6,0,457.91
